rsi_entry,rsi_exit,exposure,tp_mult,sl_mult,bb_std,atr_window,bb_width_threshold,leverage,equity_2013,drawdown_2013,equity_2014,drawdown_2014,equity_2015,drawdown_2015,equity_2016,drawdown_2016,equity_2017,drawdown_2017,equity_2018,drawdown_2018,equity_2019,drawdown_2019,equity_2020,drawdown_2020,equity_2021,drawdown_2021,equity_2022,drawdown_2022,equity_2023,drawdown_2023,equity_2024,drawdown_2024,ret_2013,ret_2014,ret_2015,ret_2016,ret_2017,ret_2018,ret_2019,ret_2020,ret_2021,ret_2022,ret_2023,ret_2024,dd_2013,dd_2014,dd_2015,dd_2016,dd_2017,dd_2018,dd_2019,dd_2020,dd_2021,dd_2022,dd_2023,dd_2024,mean_return,mean_sq_return,mean_drawdown,var_return,std_return,rel_volatility,score
40.0,50.0,0.6000000238418579,0.10000000149011612,10.0,1.0,14,0.00800000037997961,30,3.7312214e13,0.0017844238,1086143400.0,0.016294556,2.0820522e19,0.0028859254,2.7623573e13,0.010926208,18736505000.0,0.00034216308,794573200000.0,0.00029992676,413312.38,0.0036011962,1537644800000.0,0.03701526,29323316.0,0.006335083,2.1606022e16,0.009663147,2351314200.0,0.0072698975,2109517.5,0.060561217,3731221.5,108.614235,2082052100000.0,2762357.2,1873.6504,79457.32,0.04123124,153764.48,2.9322317,2160602400.0,235.13132,0.21085176,1.7844238e-7,0.0000016294555,2.8859253e-7,0.0000010926208,3.4216306e-8,2.9992677e-8,3.601196e-7,0.0000037015259,6.3350825e-7,9.663147e-7,7.2698975e-7,0.0000060561215,173684950000.0,3.6124547e23,0.0000013081584,3.31079e23,575394600000.0,3.312864,121579460000.0
40.0,50.0,0.6000000238418579,0.10000000149011612,10.0,1.0,14,0.006000000052154064,30,3.6256168e13,0.0017844238,1042608200.0,0.016294556,2.0305407e19,0.0028859254,2.493264e13,0.010926208,18778250000.0,0.00034216308,794573200000.0,0.00029992676,413312.38,0.0036011962,1437034600000.0,0.03701526,29323316.0,0.006335083,2.144815e16,0.009663147,2370640400.0,0.0072698975,2120804.8,0.060561217,3625617.0,104.26072,2030540700000.0,2493264.0,1877.8247,79457.32,0.04123124,143703.45,2.9322317,2144815000.0,237.06395,0.21198049,1.7844238e-7,0.0000016294555,2.8859253e-7,0.0000010926208,3.4216306e-8,2.9992677e-8,3.601196e-7,0.0000037015259,6.3350825e-7,9.663147e-7,7.2698975e-7,0.0000060561215,169391000000.0,3.435917e23,0.0000013081584,3.148984e23,561158100000.0,3.3127975,118573695000.0
40.0,50.0,0.6000000238418579,0.10000000149011612,10.0,1.0,14,0.009999999776482582,30,3.7312214e13,0.0017844238,1086143400.0,0.016294556,2.0090567e19,0.0028859254,2.7280655e13,0.010926208,19195259000.0,0.00034216308,794573200000.0,0.00029992676,413312.38,0.0036011962,1537644800000.0,0.03701526,29323316.0,0.006335083,2.1484468e16,0.009663147,2346400000.0,0.0072698975,2109517.5,0.060561217,3731221.5,108.614235,2009056800000.0,2728065.5,1919.526,79457.32,0.04123124,153764.48,2.9322317,2148446700.0,234.6399,0.21085176,1.7844238e-7,0.0000016294555,2.8859253e-7,0.0000010926208,3.4216306e-8,2.9992677e-8,3.601196e-7,0.0000037015259,6.3350825e-7,9.663147e-7,7.2698975e-7,0.0000060561215,167601000000.0,3.3635948e23,0.0000013081584,3.0826938e23,555220140000.0,3.3127496,117320696000.0
40.0,50.0,0.6000000238418579,0.10000000149011612,10.0,1.0,14,0.004999999888241291,30,3.4780427e13,0.0017844238,896592640.0,0.016294556,1.9924367e19,0.0028859254,1.9633558e13,0.010926208,17393586000.0,0.00034216308,760083200000.0,0.00029992676,413312.38,0.0036011962,1484772300000.0,0.03701526,29373228.0,0.006335083,2.2019793e16,0.009663147,2313884200.0,0.0072698975,2130323.8,0.060561217,3478043.0,89.659164,1992436700000.0,1963355.9,1739.3588,76008.32,0.04123124,148477.23,2.9372227,2201979400.0,231.38832,0.21293236,1.7844238e-7,0.0000016294555,2.8859253e-7,0.0000010926208,3.4216306e-8,2.9992677e-8,3.601196e-7,0.0000037015259,6.3350825e-7,9.663147e-7,7.2698975e-7,0.0000060561215,166220380000.0,3.3081742e23,0.0000013081584,3.031882e23,550625300000.0,3.3126218,116354270000.0
40.0,50.0,0.6000000238418579,0.10000000149011612,9.0,1.0,14,0.00800000037997961,30,3.4456004e13,0.0017844238,976732540.0,0.016294556,1.7774703e19,0.0028859254,2.5930265e13,0.010926208,17024111000.0,0.00034216308,823790340000.0,0.00029992676,380193.47,0.0036011962,1386284200000.0,0.045307677,29439852.0,0.006335083,1.982523e16,0.009663147,2272955600.0,0.0072698975,2026438.0,0.060561217,3445600.5,97.67316,1777470400000.0,2593026.5,1702.4111,82379.04,0.037919346,138628.42,2.9438853,1982523100.0,227.29547,0.20254381,1.7844238e-7,0.0000016294555,2.8859253e-7,0.0000010926208,3.4216306e-8,2.9992677e-8,3.601196e-7,0.0000045307675,6.3350825e-7,9.663147e-7,7.2698975e-7,0.0000060561215,148288260000.0,2.6328375e23,0.0000013772618,2.4129435e23,491217220000.0,3.3125834,103801780000.0
40.0,50.0,0.6000000238418579,0.10000000149011612,9.0,1.0,14,0.006000000052154064,30,3.3480799e13,0.0017844238,937582850.0,0.016294556,1.7218063e19,0.0028859254,2.3404283e13,0.010926208,17062041000.0,0.00034216308,823790340000.0,0.00029992676,380193.47,0.0036011962,1295577800000.0,0.045307677,29439852.0,0.006335083,1.968037e16,0.009663147,2291638000.0,0.0072698975,2037280.8,0.060561217,3348080.0,93.75819,1721806200000.0,2340428.2,1706.204,82379.04,0.037919346,129557.78,2.9438853,1968037000.0,229.1637,0.20362808,1.7844238e-7,0.0000016294555,2.8859253e-7,0.0000010926208,3.4216306e-8,2.9992677e-8,3.601196e-7,0.0000045307675,6.3350825e-7,9.663147e-7,7.2698975e-7,0.0000060561215,143648340000.0,2.470517e23,0.0000013772618,2.2641685e23,475832800000.0,3.3124838,100553834000.0
40.0,50.0,0.6000000238418579,0.10000000149011612,9.0,1.0,14,0.009999999776482582,30,3.4456004e13,0.0017844238,976732540.0,0.016294556,1.7151533e19,0.0028859254,2.5608367e13,0.010926208,17440938000.0,0.00034216308,823790340000.0,0.00029992676,380193.47,0.0036011962,1386284200000.0,0.045307677,29439852.0,0.006335083,1.9713694e16,0.009663147,2268205300.0,0.0072698975,2026438.0,0.060561217,3445600.5,97.67316,1715153300000.0,2560836.8,1744.0935,82379.04,0.037919346,138628.42,2.9438853,1971369300.0,226.82045,0.20254381,1.7844238e-7,0.0000016294555,2.8859253e-7,0.0000010926208,3.4216306e-8,2.9992677e-8,3.601196e-7,0.0000045307675,6.3350825e-7,9.663147e-7,7.2698975e-7,0.0000060561215,143094240000.0,2.451462e23,0.0000013772618,2.2467025e23,473993940000.0,3.31246,100165960000.0
40.0,50.0,0.6000000238418579,0.10000000149011612,9.0,1.0,14,0.004999999888241291,30,3.2118023e13,0.0017844238,806275900.0,0.016294556,1.6894959e19,0.0028859254,1.9722813e13,0.010926208,15803926000.0,0.00034216308,788032100000.0,0.00029992676,380193.47,0.0036011962,1321666700000.0,0.045307677,29489962.0,0.006335083,2.0204898e16,0.009663147,2236772900.0,0.0072698975,2046424.9,0.060561217,3211802.2,80.627495,1689496000000.0,1972281.2,1580.3925,78803.22,0.037919346,132166.67,2.9488962,2020490000.0,223.6772,0.20454249,1.7844238e-7,0.0000016294555,2.8859253e-7,0.0000010926208,3.4216306e-8,2.9992677e-8,3.601196e-7,0.0000045307675,6.3350825e-7,9.663147e-7,7.2698975e-7,0.0000060561215,140960170000.0,2.3786675e23,0.0000013772618,2.1799697e23,466901470000.0,3.3122935,98672116000.0
40.0,50.0,0.6000000238418579,0.10000000149011612,10.0,1.0,14,0.004000000189989805,30,3.3630213e13,0.0017844238,876084740.0,0.016294556,1.6323262e19,0.0028859254,1.9528308e13,0.010926208,16172917000.0,0.00034216308,765788950000.0,0.00029992676,418446.2,0.0036011962,1507184500000.0,0.03701526,29513466.0,0.006335083,1.8813554e16,0.009663147,1983341700.0,0.0072698975,2160572.8,0.060561217,3363021.2,87.608376,1632326300000.0,1952830.9,1617.2916,76578.9,0.04174462,150718.45,2.9512465,1881355400.0,198.33408,0.21595727,1.7844238e-7,0.0000016294555,2.8859253e-7,0.0000010926208,3.4216306e-8,2.9992677e-8,3.601196e-7,0.0000037015259,6.3350825e-7,9.663147e-7,7.2698975e-7,0.0000060561215,136184430000.0,2.2204103e23,0.0000013081584,2.0349482e23,451104000000.0,3.3124492,95329100000.0
40.0,50.0,0.6000000238418579,0.10000000149011612,9.0,1.0,14,0.004000000189989805,30,3.1055858e13,0.0017844238,787833800.0,0.016294556,1.3510942e19,0.0028859254,1.9617085e13,0.010926208,14694818000.0,0.00034216308,792191400000.0,0.00029992676,384915.88,0.0036011962,1341616800000.0,0.045307677,29630756.0,0.006335083,1.7262921e16,0.009663147,1910043900.0,0.0072698975,2075482.5,0.060561217,3105586.0,78.78328,1351094200000.0,1961708.5,1469.4817,79219.14,0.03839159,134161.69,2.9629757,1726292100.0,191.00429,0.20744826,1.7844238e-7,0.0000016294555,2.8859253e-7,0.0000010926208,3.4216306e-8,2.9992677e-8,3.601196e-7,0.0000045307675,6.3350825e-7,9.663147e-7,7.2698975e-7,0.0000060561215,112735494000.0,1.5212156e23,0.0000013772618,1.3941227e23,373379530000.0,3.3119962,78914850000.0
40.0,50.0,0.6000000238418579,0.10000000149011612,10.0,1.0,14,0.003000000026077032,30,2.8482201e13,0.0017844238,841028540.0,0.016294556,7.6256217e18,0.0028859254,1.3597489e13,0.010926208,15636477000.0,0.00034216308,589618600000.0,0.00029992676,421759.94,0.0036011962,1320101200000.0,0.03701526,29416616.0,0.006335083,1.5678048e16,0.009663147,1752545900.0,0.0072698975,2160835.8,0.060561217,2848220.2,84.10275,762562200000.0,1359748.9,1563.6477,58961.86,0.042075995,132010.12,2.9415617,1567804800.0,175.2545,0.21598358,1.7844238e-7,0.0000016294555,2.8859253e-7,0.0000010926208,3.4216306e-8,2.9992677e-8,3.601196e-7,0.0000037015259,6.3350825e-7,9.663147e-7,7.2698975e-7,0.0000060561215,63677870000.0,4.8458633e22,0.0000013081584,4.4403763e22,210722000000.0,3.3091872,44574507000.0
40.0,50.0,0.6000000238418579,0.10000000149011612,9.0,1.0,14,0.003000000026077032,30,2.6124541e13,0.0017844238,756308900.0,0.016294556,6.277444e18,0.0028859254,1.3659304e13,0.010926208,14207405000.0,0.00034216308,609947100000.0,0.00029992676,387964.1,0.0036011962,1175085100000.0,0.045307677,29533522.0,0.006335083,1.4209714e16,0.009663147,1678942100.0,0.0072698975,2075735.2,0.060561217,2612454.2,75.63079,627744400000.0,1365930.4,1420.7405,60994.71,0.038696412,117508.516,2.9532523,1420971400.0,167.8941,0.20747353,1.7844238e-7,0.0000016294555,2.8859253e-7,0.0000010926208,3.4216306e-8,2.9992677e-8,3.601196e-7,0.0000045307675,6.3350825e-7,9.663147e-7,7.2698975e-7,0.0000060561215,52430795000.0,3.283875e22,0.0000013772618,3.0089763e22,173464010000.0,3.3084376,36701557000.0
40.0,50.0,0.6000000238418579,0.10000000149011612,10.0,1.100000023841858,14,0.00800000037997961,30,1.2416697e13,0.0017844238,509147650.0,0.014080383,4.453553e18,0.0028859254,2901410300000.0,0.009087341,5947909600.0,0.00034216308,328637600000.0,0.00029992676,234153.7,0.0036011962,298823250000.0,0.026229126,15442733.0,0.006335083,2.044271e15,0.007254089,959957400.0,0.005099365,1032194.44,0.06259601,1241669.8,50.91467,445355300000.0,290141.06,594.7909,32863.76,0.023315372,29882.326,1.5441734,204427100.0,95.99564,0.10311944,1.7844238e-7,0.0000014080382,2.8859253e-7,9.087341e-7,3.4216306e-8,2.9992677e-8,3.601196e-7,0.0000026229125,6.3350825e-7,7.254089e-7,5.099365e-7,0.0000062596005,37130113000.0,1.6528448e22,0.0000011632918,1.5149803e22,123084540000.0,3.314952,25991078000.0
40.0,50.0,0.6000000238418579,0.10000000149011612,10.0,1.100000023841858,14,0.009999999776482582,30,1.238984e13,0.0017844238,507116130.0,0.014080383,4.370503e18,0.0028859254,3229006400000.0,0.009087341,5947909600.0,0.00034216308,328637600000.0,0.00029992676,234153.7,0.0036011962,298823250000.0,0.026229126,15442733.0,0.006335083,2.0282512e15,0.007254089,956317900.0,0.005099365,1032194.44,0.06259601,1238984.0,50.711514,437050300000.0,322900.66,594.7909,32863.76,0.023315372,29882.326,1.5441734,202825120.0,95.63169,0.10311944,1.7844238e-7,0.0000014080382,2.8859253e-7,9.087341e-7,3.4216306e-8,2.9992677e-8,3.601196e-7,0.0000026229125,6.3350825e-7,7.254089e-7,5.099365e-7,0.0000062596005,36437897000.0,1.5917751e22,0.0000011632918,1.459003e22,120789200000.0,3.3149333,25506527000.0
40.0,50.0,0.6000000238418579,0.10000000149011612,10.0,1.100000023841858,14,0.006000000052154064,30,1.264088e13,0.0017844238,432866850.0,0.014080383,4.0529796e18,0.0028859254,2564917000000.0,0.009087341,5960207000.0,0.00034216308,314372460000.0,0.00029992676,234153.7,0.0036011962,278906080000.0,0.026229126,15469019.0,0.006335083,2.0773888e15,0.007254089,968412600.0,0.005099365,1037717.25,0.06259601,1264088.0,43.286587,405297950000.0,256491.72,596.02057,31437.248,0.023315372,27890.607,1.5468019,207738900.0,96.84116,0.10367173,1.7844238e-7,0.0000014080382,2.8859253e-7,9.087341e-7,3.4216306e-8,2.9992677e-8,3.601196e-7,0.0000026229125,6.3350825e-7,7.254089e-7,5.099365e-7,0.0000062596005,33792276000.0,1.3688872e22,0.0000011632918,1.2546954e22,112013190000.0,3.314757,23654593000.0
40.0,50.0,0.6000000238418579,0.10000000149011612,9.0,1.100000023841858,14,0.00800000037997961,30,1.1478984e13,0.0017844238,476916830.0,0.014080383,3.7624713e18,0.0028859254,2713665000000.0,0.009087341,5634395000.0,0.00034216308,332538400000.0,0.00029992676,214231.58,0.0036011962,278315370000.0,0.026649293,15760907.0,0.006335083,1.8991345e15,0.007254089,921937400.0,0.005099365,960071.44,0.06259601,1147898.5,47.69158,376247160000.0,271366.5,563.43945,33253.844,0.021323157,27831.54,1.5759908,189913460.0,92.19364,0.095907144,1.7844238e-7,0.0000014080382,2.8859253e-7,9.087341e-7,3.4216306e-8,2.9992677e-8,3.601196e-7,0.0000026649293,6.3350825e-7,7.254089e-7,5.099365e-7,0.0000062596005,31369880000.0,1.179683e22,0.0000011667933,1.0812761e22,103984420000.0,3.3147855,21958916000.0
40.0,50.0,0.6000000238418579,0.10000000149011612,9.0,1.100000023841858,14,0.009999999776482582,30,1.1454155e13,0.0017844238,475013920.0,0.014080383,3.6923085e18,0.0028859254,3020062700000.0,0.009087341,5634395000.0,0.00034216308,332538400000.0,0.00029992676,214231.58,0.0036011962,278315370000.0,0.026649293,15760907.0,0.006335083,1.8842521e15,0.007254089,918442050.0,0.005099365,960071.44,0.06259601,1145415.5,47.501293,369230870000.0,302006.28,563.43945,33253.844,0.021323157,27831.54,1.5759908,188425220.0,91.8441,0.095907144,1.7844238e-7,0.0000014080382,2.8859253e-7,9.087341e-7,3.4216306e-8,2.9992677e-8,3.601196e-7,0.0000026649293,6.3350825e-7,7.254089e-7,5.099365e-7,0.0000062596005,30785067000.0,1.1360956e22,0.0000011667933,1.0413235e22,102045260000.0,3.314765,21549548000.0
40.0,50.0,0.6000000238418579,0.10000000149011612,10.0,1.100000023841858,14,0.004999999888241291,30,1.1404382e13,0.0017844238,419851300.0,0.014080383,3.65703e18,0.0028859254,2502384200000.0,0.009087341,5984324000.0,0.00034216308,317793700000.0,0.00029992676,235017.98,0.0036011962,291350000000.0,0.026229126,15469019.0,0.006335083,2.1303997e15,0.007254089,908362560.0,0.005099365,1050289.1,0.06259601,1140438.2,41.98503,365703000000.0,250238.44,598.4323,31779.371,0.023401799,29135.0,1.5468019,213039980.0,90.83616,0.10492892,1.7844238e-7,0.0000014080382,2.8859253e-7,9.087341e-7,3.4216306e-8,2.9992677e-8,3.601196e-7,0.0000026229125,6.3350825e-7,7.254089e-7,5.099365e-7,0.0000062596005,30493125000.0,1.1144895e22,0.0000011632918,1.0215065e22,101069600000.0,3.3145046,21345188000.0
40.0,50.0,0.6000000238418579,0.10000000149011612,9.0,1.100000023841858,14,0.006000000052154064,30,1.1686237e13,0.0017844238,405464860.0,0.014080383,3.4009703e18,0.0028859254,2567220200000.0,0.009087341,5646043600.0,0.00034216308,318103950000.0,0.00029992676,214231.58,0.0036011962,259765080000.0,0.026649293,15787734.0,0.006335083,1.929901e15,0.007254089,930057700.0,0.005099365,965208.4,0.06259601,1168623.8,40.546387,340097040000.0,256722.05,564.6043,31810.396,0.021323157,25976.508,1.5786734,192990110.0,93.00568,0.09642084,1.7844238e-7,0.0000014080382,2.8859253e-7,9.087341e-7,3.4216306e-8,2.9992677e-8,3.601196e-7,0.0000026649293,6.3350825e-7,7.254089e-7,5.099365e-7,0.0000062596005,28357626000.0,9.638836e21,0.0000011667933,8.834681e21,93992985000.0,3.3145576,19850338000.0
40.0,50.0,0.6000000238418579,0.10000000149011612,10.0,1.100000023841858,14,0.004000000189989805,30,1.0897978e13,0.0017844238,404521400.0,0.014080383,3.1286543e18,0.0028859254,2249294300000.0,0.009087341,5435787300.0,0.00034216308,321383040000.0,0.00029992676,237025.33,0.0036011962,266372020000.0,0.026229126,15571341.0,0.006335083,1.9540092e15,0.007254089,759165440.0,0.005099365,1062053.0,0.06259601,1089797.8,40.45204,312865420000.0,224929.42,543.5786,32138.303,0.023602534,26637.203,1.5570341,195400930.0,75.91645,0.106105305,1.7844238e-7,0.0000014080382,2.8859253e-7,9.087341e-7,3.4216306e-8,2.9992677e-8,3.601196e-7,0.0000026229125,6.3350825e-7,7.254089e-7,5.099365e-7,0.0000062596005,26088516000.0,8.1570677e21,0.0000011632918,7.476457e21,86466510000.0,3.3143516,18261960000.0
40.0,50.0,0.6000000238418579,0.10000000149011612,9.0,1.100000023841858,14,0.004999999888241291,30,1.0543119e13,0.0017844238,393273250.0,0.014080383,3.1057732e18,0.0028859254,2504631000000.0,0.009087341,5668889600.0,0.00034216308,321565800000.0,0.00029992676,215022.33,0.0036011962,267919080000.0,0.026649293,15787734.0,0.006335083,1.9791483e15,0.007254089,872386050.0,0.005099365,976901.8,0.06259601,1054311.9,39.32723,310577330000.0,250463.1,566.8889,32156.578,0.021402234,26791.908,1.5786734,197914830.0,87.2385,0.097590186,1.7844238e-7,0.0000014080382,2.8859253e-7,9.087341e-7,3.4216306e-8,2.9992677e-8,3.601196e-7,0.0000026649293,6.3350825e-7,7.254089e-7,5.099365e-7,0.0000062596005,25898052000.0,8.038193e21,0.0000011667933,7.3674837e21,85834050000.0,3.3143053,18128636000.0
40.0,50.0,0.6000000238418579,0.10000000149011612,9.0,1.100000023841858,14,0.004000000189989805,30,1.0074959e13,0.0017844238,378913800.0,0.014080383,2.631702e18,0.0028859254,2251314000000.0,0.009087341,5149266400.0,0.00034216308,325197760000.0,0.00029992676,216858.89,0.0036011962,244949900000.0,0.026649293,15892164.0,0.006335083,1.8152811e15,0.007254089,727147000.0,0.005099365,987843.7,0.06259601,1007495.94,37.89128,263170200000.0,225131.39,514.9265,32519.775,0.02158589,24494.99,1.5891165,181528110.0,72.71461,0.09868437,1.7844238e-7,0.0000014080382,2.8859253e-7,9.087341e-7,3.4216306e-8,2.9992677e-8,3.601196e-7,0.0000026649293,6.3350825e-7,7.254089e-7,5.099365e-7,0.0000062596005,21946083000.0,5.7715487e21,0.0000011667933,5.289918e21,72731820000.0,3.3141139,15362258000.0
40.0,50.0,0.6000000238418579,0.10000000149011612,10.0,1.0,14,0.0020000000949949026,30,1.7192476e13,0.0017844238,765026050.0,0.016294556,2.064028e18,0.0028859254,7562459000000.0,0.010926208,9635999000.0,0.0008101196,422730300000.0,0.00029992676,411682.97,0.0036011962,715239300000.0,0.03701526,27344668.0,0.006335083,9.451652e15,0.009663147,1053692160.0,0.0072698975,2029145.9,0.060561217,1719247.6,76.5025,206402800000.0,756245.94,963.5998,42273.03,0.041068297,71523.94,2.734367,945165200.0,105.369125,0.2028146,1.7844238e-7,0.0000016294555,2.8859253e-7,0.0000010926208,8.101196e-8,2.9992677e-8,3.601196e-7,0.0000037015259,6.3350825e-7,9.663147e-7,7.2698975e-7,0.0000060561215,17279214000.0,3.5502506e21,0.000001312058,3.2516794e21,57023500000.0,3.3001213,12095449000.0
40.0,50.0,0.6000000238418579,0.10000000149011612,9.0,1.0,14,0.0020000000949949026,30,1.5758668e13,0.0017844238,685269700.0,0.016294556,1.7646564e18,0.0028859254,6960957600000.0,0.010926208,8755332000.0,0.0008101196,435754570000.0,0.00029992676,379845.38,0.0036011962,662334100000.0,0.045307677,27453340.0,0.006335083,8.9854173e15,0.009663147,1010748900.0,0.0072698975,1949231.6,0.060561217,1575866.9,68.52687,176465640000.0,696095.75,875.5332,43575.457,0.037884537,66233.41,2.745234,898541760.0,101.0748,0.19482316,1.7844238e-7,0.0000016294555,2.8859253e-7,0.0000010926208,8.101196e-8,2.9992677e-8,3.601196e-7,0.0000045307675,6.3350825e-7,9.663147e-7,7.2698975e-7,0.0000060561215,14780547000.0,2.5950774e21,0.0000013811614,2.3766129e21,48750520000.0,3.298289,10346382000.0
40.0,50.0,0.6000000238418579,0.10000000149011612,10.0,1.100000023841858,14,0.003000000026077032,30,9913820000000.0,0.0017844238,369290050.0,0.014080383,1.6771427e18,0.0028859254,1751255700000.0,0.009087341,5182210600.0,0.00034216308,255433640000.0,0.00029992676,233643.73,0.0036011962,250105640000.0,0.026229126,14726513.0,0.006335083,1.4204427e15,0.007254089,774280800.0,0.005099365,1057063.2,0.06259601,991382.06,36.928905,167714280000.0,175125.58,518.221,25543.363,0.023264375,25010.564,1.4725513,142044270.0,77.427986,0.10560633,1.7844238e-7,0.0000014080382,2.8859253e-7,9.087341e-7,3.4216306e-8,2.9992677e-8,3.601196e-7,0.0000026229125,6.3350825e-7,7.254089e-7,5.099365e-7,0.0000062596005,13988128000.0,2.3440082e21,0.0000011632918,2.1483404e21,46350193000.0,3.313538,9791690000.0
40.0,50.0,0.6000000238418579,0.10000000149011612,9.0,1.100000023841858,14,0.003000000026077032,30,9017112000000.0,0.0017844238,345912670.0,0.014080383,1.4194673e18,0.0028859254,1637934800000.0,0.009087341,4909056000.0,0.00034216308,258465550000.0,0.00029992676,213765.02,0.0036011962,229991680000.0,0.026649293,15029930.0,0.006335083,1.3034395e15,0.007254089,739721860.0,0.005099365,983202.56,0.06259601,901711.25,34.591167,141946730000.0,163793.48,490.9055,25846.555,0.021276502,22999.17,1.502893,130343960.0,73.972084,0.09822026,1.7844238e-7,0.0000014080382,2.8859253e-7,9.087341e-7,3.4216306e-8,2.9992677e-8,3.601196e-7,0.0000026649293,6.3350825e-7,7.254089e-7,5.099365e-7,0.0000062596005,11839849000.0,1.6790744e21,0.0000011667933,1.5388924e21,39228720000.0,3.3132784,8287894500.0
40.0,50.0,0.6000000238418579,0.10000000149011612,10.0,1.100000023841858,14,0.0020000000949949026,30,5754396000000.0,0.0017844238,312586620.0,0.014080383,2.103425e17,0.0028859254,842111300000.0,0.009087341,2827682000.0,0.013678345,146766660000.0,0.00029992676,237033.66,0.0036011962,130316706000.0,0.026229126,14086374.0,0.006335083,6.901506e14,0.007254089,439973980.0,0.005099365,942423.25,0.06259601,575439.6,31.258562,21034250000.0,84211.13,282.76813,14676.667,0.023603365,13031.671,1.4085375,69015064.0,43.9973,0.094142325,1.7844238e-7,0.0000014080382,2.8859253e-7,9.087341e-7,0.0000013678344,2.9992677e-8,3.601196e-7,0.0000026229125,6.3350825e-7,7.254089e-7,5.099365e-7,0.0000062596005,1758662700.0,3.687037e19,0.0000012744267,3.3777477e19,5811839500.0,3.3046925,1231063800.0
40.0,50.0,0.6000000238418579,0.10000000149011612,10.0,1.2000000476837158,14,0.00800000037997961,30,1882650300000.0,0.0017844238,177162500.0,0.012829224,2.0110439e17,0.0028859254,422038270000.0,0.0063291015,1926732500.0,0.00034216308,74726170000.0,0.00029992676,113757.48,0.0036011962,67647853000.0,0.026870422,5749352.5,0.006335083,2.1418076e14,0.005694397,513216540.0,0.005099365,596495.06,0.054033812,188265.03,17.71615,20110438000.0,42203.83,192.67316,7472.617,0.011275748,6764.7856,0.57483524,21418076.0,51.321556,0.05954951,1.7844238e-7,0.0000012829223,2.8859253e-7,6.3291014e-7,3.4216306e-8,2.9992677e-8,3.601196e-7,0.000002687042,6.3350825e-7,5.694397e-7,5.099365e-7,0.0000054033812,1677675000.0,3.3702514e19,0.0000010508753,3.088792e19,5557690400.0,3.3127337,1174372500.0
40.0,50.0,0.6000000238418579,0.10000000149011612,10.0,1.2000000476837158,14,0.009999999776482582,30,1874123200000.0,0.0017844238,176455600.0,0.012829224,1.9966922e17,0.0028859254,467769820000.0,0.0063291015,1926732500.0,0.00034216308,74726170000.0,0.00029992676,113757.48,0.0036011962,67647853000.0,0.026870422,5749352.5,0.006335083,2.1200383e14,0.005694397,512119740.0,0.005099365,596495.06,0.054033812,187412.33,17.64546,19966920000.0,46776.984,192.67316,7472.617,0.011275748,6764.7856,0.57483524,21200384.0,51.211876,0.05954951,1.7844238e-7,0.0000012829223,2.8859253e-7,6.3291014e-7,3.4216306e-8,2.9992677e-8,3.601196e-7,0.000002687042,6.3350825e-7,5.694397e-7,5.099365e-7,0.0000054033812,1665697700.0,3.3223197e19,0.0000010508753,3.0448648e19,5518029300.0,3.3127437,1165988400.0
40.0,50.0,0.6000000238418579,0.10000000149011612,9.0,1.100000023841858,14,0.0020000000949949026,30,5249661700000.0,0.0017844238,289979070.0,0.014080383,1.9197031e17,0.0028859254,772316660000.0,0.009087341,2662330000.0,0.013678345,147274150000.0,0.00029992676,217525.52,0.0036011962,124667250000.0,0.026649293,14376602.0,0.006335083,6.6522836e14,0.007254089,420881860.0,0.005099365,876572.9,0.06259601,524966.2,28.997808,19197032000.0,77231.664,266.2329,14727.416,0.021652551,12466.726,1.4375602,66522840.0,42.088085,0.08755729,1.7844238e-7,0.0000014080382,2.8859253e-7,9.087341e-7,0.0000013678344,2.9992677e-8,3.601196e-7,0.0000026649293,6.3350825e-7,7.254089e-7,5.099365e-7,0.0000062596005,1605348700.0,3.0710873e19,0.0000012779282,2.8133727e19,5304123400.0,3.3040318,1123744100.0
40.0,50.0,0.6000000238418579,0.10000000149011612,10.0,1.2000000476837158,14,0.006000000052154064,30,1821468000000.0,0.0017844238,144706240.0,0.012829224,1.8022116e17,0.0028859254,349851030000.0,0.0063291015,1931086700.0,0.00034216308,71482530000.0,0.00029992676,113757.48,0.0036011962,65382224000.0,0.026870422,5759138.5,0.006335083,2.1882925e14,0.005694397,519817700.0,0.005099365,599178.94,0.054033812,182146.8,14.470525,18022117000.0,34985.1,193.10857,7148.2534,0.011275748,6538.2227,0.57581383,21882926.0,51.98167,0.059817895,1.7844238e-7,0.0000012829223,2.8859253e-7,6.3291014e-7,3.4216306e-8,2.9992677e-8,3.601196e-7,0.000002687042,6.3350825e-7,5.694397e-7,5.099365e-7,0.0000054033812,1503686000.0,2.7066434e19,0.0000010508753,2.4805363e19,4980498400.0,3.3121932,1052580200.0
40.0,50.0,0.6000000238418579,0.10000000149011612,9.0,1.2000000476837158,14,0.00800000037997961,30,1756834000000.0,0.0017844238,163152500.0,0.012829224,1.7855804e17,0.0028859254,409550450000.0,0.0063291015,1774161900.0,0.00034216308,75349690000.0,0.00029992676,103084.93,0.0036011962,65334665000.0,0.029916076,5956146.5,0.006335083,1.9695442e14,0.005694397,480876770.0,0.005099365,554347.9,0.054033812,175683.4,16.31515,17855803000.0,40955.047,177.41609,7534.9688,0.010208493,6533.467,0.59551466,19695442.0,48.087578,0.055334788,1.7844238e-7,0.0000012829223,2.8859253e-7,6.3291014e-7,3.4216306e-8,2.9992677e-8,3.601196e-7,0.0000029916075,6.3350825e-7,5.694397e-7,5.099365e-7,0.0000054033812,1489644200.0,2.6569177e19,0.0000010762558,2.4350139e19,4934586000.0,3.3125937,1042750900.0
40.0,50.0,0.6000000238418579,0.10000000149011612,9.0,1.2000000476837158,14,0.009999999776482582,30,1748876800000.0,0.0017844238,162501500.0,0.012829224,1.7728378e17,0.0028859254,453928850000.0,0.0063291015,1774161900.0,0.00034216308,75349690000.0,0.00029992676,103084.93,0.0036011962,65334665000.0,0.029916076,5956146.5,0.006335083,1.9495258e14,0.005694397,479849100.0,0.005099365,554347.9,0.054033812,174887.69,16.250051,17728379000.0,45392.887,177.41609,7534.9688,0.010208493,6533.467,0.59551466,19495258.0,47.98481,0.055334788,1.7844238e-7,0.0000012829223,2.8859253e-7,6.3291014e-7,3.4216306e-8,2.9992677e-8,3.601196e-7,0.0000029916075,6.3350825e-7,5.694397e-7,5.099365e-7,0.0000054033812,1479008900.0,2.6191317e19,0.0000010762558,2.400385e19,4899372500.0,3.3126051,1035306240.0
40.0,50.0,0.6000000238418579,0.10000000149011612,9.0,1.2000000476837158,14,0.006000000052154064,30,1699740500000.0,0.0017844238,133262890.0,0.012829224,1.5893719e17,0.0028859254,363313430000.0,0.0063291015,1778171300.0,0.00034216308,72078990000.0,0.00029992676,103084.93,0.0036011962,62346950000.0,0.029916076,5966285.0,0.006335083,2.0122903e14,0.005694397,487061950.0,0.005099365,556842.1,0.054033812,169974.05,13.326189,15893719000.0,36331.344,177.81703,7207.899,0.010208493,6234.695,0.59652853,20122904.0,48.706097,0.055584215,1.7844238e-7,0.0000012829223,2.8859253e-7,6.3291014e-7,3.4216306e-8,2.9992677e-8,3.601196e-7,0.0000029916075,6.3350825e-7,5.694397e-7,5.099365e-7,0.0000054033812,1326171800.0,2.1050891e19,0.0000010762558,1.9292159e19,4392284000.0,3.3120024,928320260.0
40.0,50.0,0.6000000238418579,0.10000000149011612,10.0,1.2000000476837158,14,0.004999999888241291,30,1749742600000.0,0.0017844238,140773180.0,0.012829224,1.4536533e17,0.0028859254,362333570000.0,0.0063291015,1923995900.0,0.00034216308,72371000000.0,0.00029992676,114369.8,0.0036011962,66017104000.0,0.026870422,5772985.0,0.006335083,1.9930804e14,0.005694397,485062080.0,0.005099365,605792.9,0.054033812,174974.27,14.077218,14536533000.0,36233.36,192.39949,7237.1006,0.01133698,6601.7104,0.5771985,19930804.0,48.506107,0.06047929,1.7844238e-7,0.0000012829223,2.8859253e-7,6.3291014e-7,3.4216306e-8,2.9992677e-8,3.601196e-7,0.000002687042,6.3350825e-7,5.694397e-7,5.099365e-7,0.0000054033812,1213057400.0,1.7609267e19,0.0000010508753,1.6137759e19,4017183000.0,3.311618,849140160.0
40.0,50.0,0.6000000238418579,0.10000000149011612,9.0,1.2000000476837158,14,0.004999999888241291,30,1632808500000.0,0.0017844238,129640856.0,0.012829224,1.29986885e17,0.0028859254,376276320000.0,0.0063291015,1771642000.0,0.00034216308,72974870000.0,0.00029992676,103639.805,0.0036011962,62952354000.0,0.029916076,5980629.5,0.006335083,1.832779e14,0.005694397,454496420.0,0.005099365,562988.75,0.054033812,163280.86,12.963985,12998689000.0,37627.633,177.16411,7297.487,0.01026398,6295.2354,0.597963,18327790.0,45.449543,0.056198876,1.7844238e-7,0.0000012829223,2.8859253e-7,6.3291014e-7,3.4216306e-8,2.9992677e-8,3.601196e-7,0.0000029916075,6.3350825e-7,5.694397e-7,5.099365e-7,0.0000054033812,1084769200.0,1.4080521e19,0.0000010762558,1.2903797e19,3592185600.0,3.3114748,759338400.0
40.0,50.0,0.6000000238418579,0.10000000149011612,10.0,1.2000000476837158,14,0.004000000189989805,30,1680128700000.0,0.0017844238,142326480.0,0.012829224,1.2283721e17,0.0028859254,307434520000.0,0.0063291015,1807208300.0,0.00034216308,56911430000.0,0.00029992676,114973.13,0.0036011962,61041234000.0,0.026870422,5797233.0,0.006335083,1.8986462e14,0.005694397,406360480.0,0.005099365,615333.0,0.054033812,168012.88,14.232548,12283721000.0,30743.451,180.72073,5691.143,0.011397313,6104.1235,0.57962334,18986462.0,40.63595,0.0614333,1.7844238e-7,0.0000012829223,2.8859253e-7,6.3291014e-7,3.4216306e-8,2.9992677e-8,3.601196e-7,0.000002687042,6.3350825e-7,5.694397e-7,5.099365e-7,0.0000054033812,1025243140.0,1.2574179e19,0.0000010508753,1.1523056e19,3394562600.0,3.310983,717670200.0
40.0,50.0,0.6000000238418579,0.10000000149011612,9.0,1.2000000476837158,14,0.004000000189989805,30,1567846800000.0,0.0017844238,131071320.0,0.012829224,1.0859263e17,0.0028859254,319264720000.0,0.0063291015,1664102300.0,0.00034216308,57386303000.0,0.00029992676,104186.53,0.0036011962,58207480000.0,0.029916076,6005749.5,0.006335083,1.7245634e14,0.005694397,379735260.0,0.005099365,571854.8,0.054033812,156784.69,13.107033,10859263000.0,31926.473,166.41013,5738.631,0.010318654,5820.748,0.600475,17245634.0,37.973427,0.057085484,1.7844238e-7,0.0000012829223,2.8859253e-7,6.3291014e-7,3.4216306e-8,2.9992677e-8,3.601196e-7,0.0000029916075,6.3350825e-7,5.694397e-7,5.099365e-7,0.0000054033812,906392400.0,9.826991e18,0.0000010762558,9.0054433e18,3000907000.0,3.3108256,634474700.0
40.0,50.0,0.6000000238418579,0.10000000149011612,10.0,1.2000000476837158,14,0.003000000026077032,30,1406034200000.0,0.0017844238,130567224.0,0.012829224,6.4082587e16,0.0028859254,192326730000.0,0.0063291015,1583936900.0,0.00034216308,53567570000.0,0.00029992676,114114.09,0.0036011962,53740462000.0,0.026870422,5462582.5,0.006335083,1.05452185e14,0.005694397,369276480.0,0.005099365,562115.56,0.054033812,140603.42,13.0566225,6408258600.0,19232.674,158.3936,5356.757,0.011311409,5374.0464,0.54615825,10545219.0,36.927547,0.05611156,1.7844238e-7,0.0000012829223,2.8859253e-7,6.3291014e-7,3.4216306e-8,2.9992677e-8,3.601196e-7,0.000002687042,6.3350825e-7,5.694397e-7,5.099365e-7,0.0000054033812,534914560.0,3.4221574e18,0.0000010508753,3.1360238e18,1770882200.0,3.3105888,374440200.0
40.0,50.0,0.6000000238418579,0.10000000149011612,9.0,1.2000000476837158,14,0.003000000026077032,30,1300000900000.0,0.0017844238,120241980.0,0.012829224,5.6344263e16,0.0028859254,184332860000.0,0.0063291015,1458511000.0,0.00034216308,53823046000.0,0.00029992676,103408.09,0.0036011962,51245638000.0,0.029916076,5659062.0,0.006335083,9.578351e13,0.005694397,344195550.0,0.005099365,522397.6,0.054033812,130000.1,12.024099,5634426400.0,18433.285,145.851,5382.3047,0.010240809,5124.564,0.5658062,9578351.0,34.419456,0.052139763,1.7844238e-7,0.0000012829223,2.8859253e-7,6.3291014e-7,3.4216306e-8,2.9992677e-8,3.601196e-7,0.0000029916075,6.3350825e-7,5.694397e-7,5.099365e-7,0.0000054033812,470347000.0,2.645571e18,0.0000010762558,2.4243445e18,1557030700.0,3.3103871,329242900.0
40.0,50.0,0.5,0.10000000149011612,10.0,1.0,14,0.00800000037997961,30,675161900000.0,0.0014871826,110255690.0,0.013591492,4.4028852e16,0.0024053345,534766940000.0,0.009102234,1195924500.0,0.00028515625,27283860000.0,0.00024993895,154644.75,0.003001709,47881860000.0,0.029893128,5415411.0,0.0052816775,1.40571335e14,0.00805487,212702050.0,0.006061279,605281.75,0.05071686,67516.19,11.025469,4402885000.0,53476.695,119.59235,2728.386,0.015364476,4788.186,0.5414411,14057134.0,21.270105,0.06042818,1.4871826e-7,0.0000013591491,2.4053344e-7,9.102233e-7,2.8515624e-8,2.4993895e-8,3.0017088e-7,0.0000029893126,5.2816773e-7,8.05487e-7,6.061279e-7,0.000005071686,368089250.0,1.6154663e18,0.0000010844237,1.4799766e18,1216542800.0,3.3050215,257662460.0
40.0,50.0,0.5,0.10000000149011612,10.0,1.0,14,0.006000000052154064,30,658968940000.0,0.0014871826,106544580.0,0.013591492,4.304806e16,0.0024053345,490476900000.0,0.009102234,1198144000.0,0.00028515625,27283860000.0,0.00024993895,154644.75,0.003001709,45204283000.0,0.029893128,5415411.0,0.0052816775,1.3968408e14,0.00805487,214157700.0,0.006061279,607979.0,0.05071686,65896.89,10.654358,4304806400.0,49047.69,119.8143,2728.386,0.015364476,4520.428,0.5414411,13968408.0,21.41567,0.0606979,1.4871826e-7,0.0000013591491,2.4053344e-7,9.102233e-7,2.8515624e-8,2.4993895e-8,3.0017088e-7,0.0000029893126,5.2816773e-7,8.05487e-7,6.061279e-7,0.000005071686,359908100.0,1.5442961e18,0.0000010844237,1.4147622e18,1189437800.0,3.3048377,251935660.0
40.0,50.0,0.5,0.10000000149011612,10.0,1.0,14,0.009999999776482582,30,675161900000.0,0.0014871826,110255690.0,0.013591492,4.2738983e16,0.0024053345,529230460000.0,0.009102234,1220393000.0,0.00028515625,27283860000.0,0.00024993895,154644.75,0.003001709,47881860000.0,0.029893128,5415411.0,0.0052816775,1.3991214e14,0.00805487,212331600.0,0.006061279,605281.75,0.05071686,67516.19,11.025469,4273898200.0,52923.047,122.0392,2728.386,0.015364476,4788.186,0.5414411,13991215.0,21.23306,0.06042818,1.4871826e-7,0.0000013591491,2.4053344e-7,9.102233e-7,2.8515624e-8,2.4993895e-8,3.0017088e-7,0.0000029893126,5.2816773e-7,8.05487e-7,6.061279e-7,0.000005071686,357334820.0,1.5222002e18,0.0000010844237,1.394512e18,1180894600.0,3.3047285,250134370.0
40.0,50.0,0.5,0.10000000149011612,10.0,1.0,14,0.004999999888241291,30,636495700000.0,0.0014871826,93854210.0,0.013591492,4.2375934e16,0.0024053345,401648750000.0,0.009102234,1123574800.0,0.00028515625,26289687000.0,0.00024993895,154644.75,0.003001709,46477074000.0,0.029893128,5423090.5,0.0052816775,1.4277904e14,0.00805487,209860400.0,0.006061279,610251.9,0.05071686,63649.574,9.385321,4237593300.0,40164.875,112.35738,2628.9688,0.015364476,4647.7075,0.5422091,14277904.0,20.98594,0.06092519,1.4871826e-7,0.0000013591491,2.4053344e-7,9.102233e-7,2.8515624e-8,2.4993895e-8,3.0017088e-7,0.0000029893126,5.2816773e-7,8.05487e-7,6.061279e-7,0.000005071686,354331870.0,1.49645e18,0.0000010844237,1.370899e18,1170854000.0,3.3043995,248032300.0
40.0,50.0,0.5,0.10000000149011612,9.0,1.0,14,0.00800000037997961,30,631570560000.0,0.0014871826,100887500.0,0.013591492,3.853538e16,0.0024053345,507026470000.0,0.009102234,1103598200.0,0.00028515625,28118030000.0,0.00024993895,144212.23,0.003001709,43903767000.0,0.036867067,5432814.0,0.0052816775,1.3078657e14,0.00805487,206718190.0,0.006061279,585252.7,0.05071686,63157.062,10.088651,3853538000.0,50702.65,110.359726,2811.8032,0.014321223,4390.3765,0.5431814,13078657.0,20.67172,0.058425266,1.4871826e-7,0.0000013591491,2.4053344e-7,9.102233e-7,2.8515624e-8,2.4993895e-8,3.0017088e-7,0.0000036867066,5.2816773e-7,8.05487e-7,6.061279e-7,0.000005071686,322228160.0,1.2374939e18,0.00000114254,1.1336629e18,1064736060.0,3.3042924,225559710.0
40.0,50.0,0.5,0.10000000149011612,9.0,1.0,14,0.006000000052154064,30,616423100000.0,0.0014871826,97491730.0,0.013591492,3.746288e16,0.0024053345,465033920000.0,0.009102234,1105646500.0,0.00028515625,28118030000.0,0.00024993895,144212.23,0.003001709,41448650000.0,0.036867067,5432814.0,0.0052816775,1.2996107e14,0.00805487,208132900.0,0.006061279,587860.7,0.05071686,61642.31,9.749073,3746288000.0,46503.395,110.564545,2811.8032,0.014321223,4144.865,0.5431814,12996107.0,20.81319,0.05868607,1.4871826e-7,0.0000013591491,2.4053344e-7,9.102233e-7,2.8515624e-8,2.4993895e-8,3.0017088e-7,0.0000036867066,5.2816773e-7,8.05487e-7,6.061279e-7,0.000005071686,313283300.0,1.1695703e18,0.00000114254,1.0714239e18,1035096060.0,3.3040257,219298300.0
40.0,50.0,0.5,0.10000000149011612,9.0,1.0,14,0.009999999776482582,30,631570560000.0,0.0014871826,100887500.0,0.013591492,3.7406446e16,0.0024053345,501777200000.0,0.009102234,1126177700.0,0.00028515625,28118030000.0,0.00024993895,144212.23,0.003001709,43903767000.0,0.036867067,5432814.0,0.0052816775,1.3017325e14,0.00805487,206358160.0,0.006061279,585252.7,0.05071686,63157.062,10.088651,3740644600.0,50177.72,112.617676,2811.8032,0.014321223,4390.3765,0.5431814,13017325.0,20.635717,0.058425266,1.4871826e-7,0.0000013591491,2.4053344e-7,9.102233e-7,2.8515624e-8,2.4993895e-8,3.0017088e-7,0.0000036867066,5.2816773e-7,8.05487e-7,6.061279e-7,0.000005071686,312815200.0,1.1660493e18,0.00000114254,1.0681959e18,1033535600.0,3.3039815,218970640.0
40.0,50.0,0.5,0.10000000149011612,9.0,1.0,14,0.004999999888241291,30,595400850000.0,0.0014871826,85879624.0,0.013591492,3.6877955e16,0.0024053345,403079040000.0,0.009102234,1036834000.0,0.00028515625,27093460000.0,0.00024993895,144212.23,0.003001709,42156376000.0,0.036867067,5440518.0,0.0052816775,1.328406e14,0.00805487,203956480.0,0.006061279,590058.3,0.05071686,59540.09,8.587862,3687795500.0,40307.906,103.683304,2709.346,0.014321223,4215.6377,0.5439518,13284061.0,20.395548,0.058905832,1.4871826e-7,0.0000013591491,2.4053344e-7,9.102233e-7,2.8515624e-8,2.4993895e-8,3.0017088e-7,0.0000036867066,5.2816773e-7,8.05487e-7,6.061279e-7,0.000005071686,308432200.0,1.13333425e18,0.00000114254,1.0382038e18,1018922900.0,3.3035555,215902530.0
40.0,50.0,0.5,0.10000000149011612,10.0,1.0,14,0.004000000189989805,30,618770000000.0,0.0014871826,92050440.0,0.013591492,3.5826195e16,0.0024053345,399750200000.0,0.009102234,1057026050.0,0.00028515625,26452922000.0,0.00024993895,156243.58,0.003001709,47060845000.0,0.029893128,5444654.0,0.0052816775,1.2512152e14,0.00805487,184340130.0,0.006061279,617463.2,0.05071686,61877.004,9.204945,3582619600.0,39975.02,105.70251,2645.2922,0.0155243585,4706.0845,0.5443654,12512152.0,18.433914,0.061646316,1.4871826e-7,0.0000013591491,2.4053344e-7,9.102233e-7,2.8515624e-8,2.4993895e-8,3.0017088e-7,0.0000029893126,5.2816773e-7,8.05487e-7,6.061279e-7,0.000005071686,299603420.0,1.0696099e18,0.0000010844237,9.798477e17,989872600.0,3.303943,209722400.0
40.0,50.0,0.5,0.10000000149011612,9.0,1.0,14,0.004000000189989805,30,578819600000.0,0.0014871826,84229120.0,0.013591492,3.0559977e16,0.0024053345,401173740000.0,0.009102234,975422800.0,0.00028515625,27211250000.0,0.00024993895,145703.19,0.003001709,42685874000.0,0.036867067,5462150.5,0.0052816775,1.1641217e14,0.00805487,178589860.0,0.006061279,597031.0,0.05071686,57881.957,8.422812,3055997700.0,40117.375,97.542175,2721.1248,0.01447032,4268.5874,0.5461151,11641218.0,17.858885,0.0596031,1.4871826e-7,0.0000013591491,2.4053344e-7,9.102233e-7,2.8515624e-8,2.4993895e-8,3.0017088e-7,0.0000036867066,5.2816773e-7,8.05487e-7,6.061279e-7,0.000005071686,255645330.0,7.7827144e17,0.00000114254,7.129169e17,844344060.0,3.302795,178951730.0
40.0,50.0,0.5,0.10000000149011612,10.0,1.0,14,0.003000000026077032,30,538384730000.0,0.0014871826,88953210.0,0.013591492,1.8908746e16,0.0024053345,295100150000.0,0.009102234,1027400600.0,0.00028515625,21254457000.0,0.00024993895,157273.88,0.003001709,42115160000.0,0.029893128,5429575.0,0.0052816775,1.0739014e14,0.00805487,166117580.0,0.006061279,617499.0,0.05071686,53838.477,8.895221,1890874600.0,29510.016,102.73996,2125.4456,0.015627388,4211.516,0.5428575,10739014.0,16.611658,0.0616499,1.4871826e-7,0.0000013591491,2.4053344e-7,9.102233e-7,2.8515624e-8,2.4993895e-8,3.0017088e-7,0.0000029893126,5.2816773e-7,8.05487e-7,6.061279e-7,0.000005071686,158475300.0,2.979602e17,0.0000010844237,2.7284577e17,522346400.0,3.2960746,110932700.0
40.0,50.0,0.5,0.10000000149011612,9.0,1.0,14,0.003000000026077032,30,500762050000.0,0.0014871826,81395060.0,0.013591492,1.605495e16,0.0024053345,296151020000.0,0.009102234,948084500.0,0.00028515625,21863760000.0,0.00024993895,146663.98,0.003001709,38199960000.0,0.036867067,5447023.5,0.0052816775,9.887447e13,0.00805487,160225230.0,0.006061279,597065.6,0.05071686,50076.207,8.139406,1605495000.0,29615.104,94.80835,2186.376,0.014566398,3819.9958,0.5446024,9887447.0,16.022423,0.059606567,1.4871826e-7,0.0000013591491,2.4053344e-7,9.102233e-7,2.8515624e-8,2.4993895e-8,3.0017088e-7,0.0000036867066,5.2816773e-7,8.05487e-7,6.061279e-7,0.000005071686,134622350.0,2.1480934e17,0.00000114254,1.9668615e17,443493120.0,3.29435,94235650.0
40.0,50.0,0.5,0.10000000149011612,10.0,1.100000023841858,14,0.00800000037997961,30,269351450000.0,0.0014871826,58565276.0,0.01174176,1.2130072e16,0.0024053345,81286420000.0,0.007567383,458523460.0,0.00028515625,13050980000.0,0.00024993895,96219.9,0.003001709,12187761000.0,0.021887023,3169947.2,0.0052816775,1.9598053e13,0.006044617,100551780.0,0.0042509157,333162.88,0.052433595,26935.145,5.8564277,1213007200.0,8128.642,45.852245,1305.098,0.00952199,1218.776,0.31689474,1959805.2,10.055078,0.03321629,1.4871826e-7,0.000001174176,2.4053344e-7,7.5673825e-7,2.8515624e-8,2.4993895e-8,3.0017088e-7,0.0000021887022,5.2816773e-7,6.0446166e-7,4.2509157e-7,0.0000052433593,101250390.0,1.2261586e17,9.719691e-7,1.1236422e17,335207740.0,3.3106809,70875270.0
40.0,50.0,0.5,0.10000000149011612,10.0,1.100000023841858,14,0.009999999776482582,30,268865950000.0,0.0014871826,58370510.0,0.01174176,1.1941319e16,0.0024053345,88939720000.0,0.007567383,458523460.0,0.00028515625,13050980000.0,0.00024993895,96219.9,0.003001709,12187761000.0,0.021887023,3169947.2,0.0052816775,1.9470016e13,0.006044617,100234040.0,0.0042509157,333162.88,0.052433595,26886.594,5.8369513,1194132000.0,8893.972,45.852245,1305.098,0.00952199,1218.776,0.31689474,1947001.6,10.023304,0.03321629,1.4871826e-7,0.000001174176,2.4053344e-7,7.5673825e-7,2.8515624e-8,2.4993895e-8,3.0017088e-7,0.0000021887022,5.2816773e-7,6.0446166e-7,4.2509157e-7,0.0000052433593,99676450.0,1.1882958e17,9.719691e-7,1.0889419e17,329991200.0,3.3106236,69773510.0
40.0,50.0,0.5,0.10000000149011612,10.0,1.100000023841858,14,0.006000000052154064,30,273397330000.0,0.0014871826,51097824.0,0.01174176,1.1192559e16,0.0024053345,73324850000.0,0.007567383,459313180.0,0.00028515625,12575427000.0,0.00024993895,96219.9,0.003001709,11493691000.0,0.021887023,3174442.5,0.0052816775,1.9862225e13,0.006044617,101289144.0,0.0042509157,334647.5,0.052433595,27339.734,5.1096826,1119255900.0,7332.4844,45.93122,1257.5426,0.00952199,1149.369,0.31734425,1986222.6,10.128815,0.03336475,1.4871826e-7,0.000001174176,2.4053344e-7,7.5673825e-7,2.8515624e-8,2.4993895e-8,3.0017088e-7,0.0000021887022,5.2816773e-7,6.0446166e-7,4.2509157e-7,0.0000052433593,93439940.0,1.04394815e17,9.719691e-7,9.566379e16,309295650.0,3.3101013,65407956.0
40.0,50.0,0.5,0.10000000149011612,9.0,1.100000023841858,14,0.00800000037997961,30,252200880000.0,0.0014871826,55446868.0,0.01174176,1.0524904e16,0.0024053345,76840830000.0,0.007567383,438172800.0,0.00028515625,13178267000.0,0.00024993895,89324.4,0.003001709,11483195000.0,0.022238953,3223977.8,0.0052816775,1.8422908e13,0.006044617,97192200.0,0.0042509157,313597.9,0.052433595,25220.09,5.544587,1052490430.0,7684.083,43.81718,1317.8265,0.00883244,1148.3195,0.32229778,1842290.9,9.71912,0.031259794,1.4871826e-7,0.000001174176,2.4053344e-7,7.5673825e-7,2.8515624e-8,2.4993895e-8,3.0017088e-7,0.0000022238953,5.2816773e-7,6.0446166e-7,4.2509157e-7,0.0000052433593,87864010.0,9.231162e16,9.749018e-7,8.459154e16,290846240.0,3.3101864,61504804.0
40.0,50.0,0.5,0.10000000149011612,9.0,1.100000023841858,14,0.009999999776482582,30,251746290000.0,0.0014871826,55262470.0,0.01174176,1.0361129e16,0.0024053345,84075560000.0,0.007567383,438172800.0,0.00028515625,13178267000.0,0.00024993895,89324.4,0.003001709,11483195000.0,0.022238953,3223977.8,0.0052816775,1.8302548e13,0.006044617,96885080.0,0.0042509157,313597.9,0.052433595,25174.629,5.5261474,1036112900.0,8407.557,43.81718,1317.8265,0.00883244,1148.3195,0.32229778,1830254.8,9.688408,0.031259794,1.4871826e-7,0.000001174176,2.4053344e-7,7.5673825e-7,2.8515624e-8,2.4993895e-8,3.0017088e-7,0.0000022238953,5.2816773e-7,6.0446166e-7,4.2509157e-7,0.0000052433593,86498270.0,8.946111e16,9.749018e-7,8.197916e16,286320030.0,3.3101244,60548788.0
40.0,50.0,0.5,0.10000000149011612,10.0,1.100000023841858,14,0.004999999888241291,30,250850850000.0,0.0014871826,49809564.0,0.01174176,1.0263629e16,0.0024053345,71816600000.0,0.007567383,460861200.0,0.00028515625,12689352000.0,0.00024993895,96515.72,0.003001709,11925821000.0,0.021887023,3174442.5,0.0052816775,2.0283608e13,0.006044617,96005510.0,0.0042509157,338022.1,0.052433595,25085.086,4.9808564,1026362800.0,7181.6606,46.08602,1268.935,0.009551573,1192.582,0.31734425,2028360.9,9.600451,0.03370221,1.4871826e-7,0.000001174176,2.4053344e-7,7.5673825e-7,2.8515624e-8,2.4993895e-8,3.0017088e-7,0.0000021887022,5.2816773e-7,6.0446166e-7,4.2509157e-7,0.0000052433593,85702170.0,8.7785395e16,9.719691e-7,8.044054e16,283620400.0,3.3093727,59991516.0
40.0,50.0,0.5,0.10000000149011612,9.0,1.100000023841858,14,0.006000000052154064,30,255989150000.0,0.0014871826,48377030.0,0.01174176,9.656271e15,0.0024053345,73367360000.0,0.007567383,438927500.0,0.00028515625,12698074000.0,0.00024993895,89324.4,0.003001709,10829250000.0,0.022238953,3228549.5,0.0052816775,1.867124e13,0.006044617,97904930.0,0.0042509157,314995.34,0.052433595,25598.916,4.8376036,965627140.0,7336.737,43.89265,1269.8074,0.00883244,1082.9249,0.32275495,1867124.1,9.790393,0.031399537,1.4871826e-7,0.000001174176,2.4053344e-7,7.5673825e-7,2.8515624e-8,2.4993895e-8,3.0017088e-7,0.0000022238953,5.2816773e-7,6.0446166e-7,4.2509157e-7,0.0000052433593,80627464.0,7.770327e16,9.749018e-7,7.120248e16,266837920.0,3.3095164,56439224.0
40.0,50.0,0.5,0.10000000149011612,10.0,1.100000023841858,14,0.004000000189989805,30,241480480000.0,0.0014871826,48281680.0,0.01174176,9.0047554e15,0.0024053345,65674453000.0,0.007567383,425163400.0,0.00028515625,12808748000.0,0.00024993895,97202.11,0.003001709,11062943000.0,0.021887023,3191927.8,0.0052816775,1.8863056e13,0.006044617,82566904.0,0.0042509157,341173.78,0.052433595,24148.049,4.8280683,900475500.0,6567.4453,42.51624,1280.8748,0.009620211,1106.2942,0.31909278,1886305.6,8.256591,0.03401738,1.4871826e-7,0.000001174176,2.4053344e-7,7.5673825e-7,2.8515624e-8,2.4993895e-8,3.0017088e-7,0.0000021887022,5.2816773e-7,6.0446166e-7,4.2509157e-7,0.0000052433593,75199576.0,6.7571642e16,9.719691e-7,6.1916665e16,248830600.0,3.308936,52639704.0
40.0,50.0,0.5,0.10000000149011612,9.0,1.100000023841858,14,0.004999999888241291,30,234878270000.0,0.0014871826,47157370.0,0.01174176,8.945583e15,0.0024053345,71858240000.0,0.007567383,440406800.0,0.00028515625,12813110000.0,0.00024993895,89599.02,0.003001709,11115291000.0,0.022238953,3228549.5,0.0052816775,1.9067356e13,0.006044617,92797830.0,0.0042509157,318171.78,0.052433595,23487.828,4.715637,894558300.0,7185.8247,44.04058,1281.3109,0.008859903,1111.5289,0.32275495,1906735.6,9.279683,0.031717177,1.4871826e-7,0.000001174176,2.4053344e-7,7.5673825e-7,2.8515624e-8,2.4993895e-8,3.0017088e-7,0.0000022238953,5.2816773e-7,6.0446166e-7,4.2509157e-7,0.0000052433593,74708180.0,6.6686514e16,9.749018e-7,6.1105204e16,247194670.0,3.3088036,52295724.0
40.0,50.0,0.5,0.10000000149011612,9.0,1.100000023841858,14,0.004000000189989805,30,226104560000.0,0.0014871826,45710840.0,0.01174176,7.7843523e15,0.0024053345,65712530000.0,0.007567383,406293380.0,0.00028515625,12933671000.0,0.00024993895,90236.23,0.003001709,10311057000.0,0.022238953,3246332.8,0.0052816775,1.7731984e13,0.006044617,79629480.0,0.0042509157,321138.34,0.052433595,22610.457,4.5709844,778435200.0,6571.253,40.62924,1293.3671,0.008923623,1031.1057,0.32453328,1773198.5,7.962848,0.032013837,1.4871826e-7,0.000001174176,2.4053344e-7,7.5673825e-7,2.8515624e-8,2.4993895e-8,3.0017088e-7,0.0000022238953,5.2816773e-7,6.0446166e-7,4.2509157e-7,0.0000052433593,65019996.0,5.0497043e16,9.749018e-7,4.6269442e16,215103330.0,3.3082643,45513996.0
40.0,50.0,0.5,0.10000000149011612,10.0,1.0,14,0.0020000000949949026,30,352904000000.0,0.0014871826,82156120.0,0.013591492,6.322135e15,0.0024053345,180399200000.0,0.009102234,685280100.0,0.0006608887,16088255000.0,0.00024993895,154117.88,0.003001709,25220970000.0,0.029893128,5107903.0,0.0052816775,7.032748e13,0.00805487,108450430.0,0.006061279,585828.1,0.05071686,35290.4,8.215512,632213500.0,18039.92,68.527916,1608.8254,0.015311789,2522.0972,0.51069033,7032748.5,10.844943,0.05848281,1.4871826e-7,0.0000013591491,2.4053344e-7,9.102233e-7,6.6088866e-8,2.4993895e-8,3.0017088e-7,0.0000029893126,5.2816773e-7,8.05487e-7,6.061279e-7,0.000005071686,53275310.0,3.3311947e16,0.0000010875548,3.0473688e16,174567150.0,3.2766988,37292716.0
40.0,50.0,0.6000000238418579,0.10000000149011612,10.0,1.2000000476837158,14,0.0020000000949949026,30,625842700000.0,0.0017844238,97027300.0,0.012829224,5.9527694e15,0.0028859254,131733774000.0,0.0063291015,845456640.0,0.012841736,34477396000.0,0.00029992676,116852.445,0.0036011962,25194371000.0,0.026870422,4813558.0,0.006335083,4.862195e13,0.005694397,197600110.0,0.005099365,489825.72,0.054033812,62584.273,9.702629,595276900.0,13173.378,84.54557,3447.7395,0.011585245,2519.4373,0.4812558,4862195.0,19.759912,0.048882574,1.7844238e-7,0.0000012829223,2.8859253e-7,6.3291014e-7,0.0000012841735,2.9992677e-8,3.601196e-7,0.000002687042,6.3350825e-7,5.694397e-7,5.099365e-7,0.0000054033812,50018412.0,2.9531523e16,0.0000011550384,2.702968e16,164407060.0,3.2869308,35012890.0
40.0,50.0,0.6000000238418579,0.10000000149011612,9.0,1.2000000476837158,14,0.0020000000949949026,30,567831000000.0,0.0017844238,88143050.0,0.012829224,5.649221e15,0.0028859254,124175300000.0,0.0063291015,773769400.0,0.012841736,33956145000.0,0.00029992676,106211.305,0.0036011962,24866781000.0,0.029916076,4986693.5,0.006335083,4.59486e13,0.005694397,193760480.0,0.005099365,455215.6,0.054033812,56783.098,8.814205,564922100.0,12417.531,77.37684,3395.6147,0.010521131,2486.678,0.49856937,4594860.5,19.375948,0.04542156,1.7844238e-7,0.0000012829223,2.8859253e-7,6.3291014e-7,0.0000012841735,2.9992677e-8,3.601196e-7,0.0000029916075,6.3350825e-7,5.694397e-7,5.099365e-7,0.0000054033812,47466012.0,2.6596508e16,0.000001180419,2.4343486e16,156023980.0,3.2870674,33226208.0
40.0,50.0,0.5,0.10000000149011612,9.0,1.0,14,0.0020000000949949026,30,328010600000.0,0.0014871826,74929510.0,0.013591492,5.5405406e15,0.0024053345,168221020000.0,0.009102234,632376000.0,0.0006608887,16500279000.0,0.00024993895,144089.08,0.003001709,23643947000.0,0.036867067,5124317.5,0.0052816775,6.7383146e13,0.00805487,104717976.0,0.006061279,566442.75,0.05071686,32801.062,7.4928513,554054100.0,16822.102,63.2375,1650.0278,0.014308908,2364.3948,0.5123318,6738314.5,10.471698,0.056544274,1.4871826e-7,0.0000013591491,2.4053344e-7,9.102233e-7,6.6088866e-8,2.4993895e-8,3.0017088e-7,0.0000036867066,5.2816773e-7,8.05487e-7,6.061279e-7,0.000005071686,46737180.0,2.558511e16,0.000001145671,2.3400745e16,152973020.0,3.2730477,32716026.0
40.0,50.0,0.5,0.10000000149011612,10.0,1.100000023841858,14,0.003000000026077032,30,223070620000.0,0.0014871826,44734136.0,0.01174176,5.334235e15,0.0024053345,53181805000.0,0.007567383,408356830.0,0.00028515625,10568097000.0,0.00024993895,96038.08,0.003001709,10493958000.0,0.021887023,3046558.2,0.0052816775,1.444009e13,0.006044617,83948590.0,0.0042509157,339822.9,0.052433595,22307.062,4.4733133,533423500.0,5318.1807,40.835583,1056.8096,0.009503809,1049.3958,0.30455583,1444009.0,8.394759,0.033882294,1.4871826e-7,0.000001174176,2.4053344e-7,7.5673825e-7,2.8515624e-8,2.4993895e-8,3.0017088e-7,0.0000021887022,5.2816773e-7,6.0446166e-7,4.2509157e-7,0.0000052433593,44574772.0,2.3711892e16,9.719691e-7,2.1724982e16,147393970.0,3.3066678,31202340.0
40.0,50.0,0.5,0.10000000149011612,9.0,1.100000023841858,14,0.003000000026077032,30,206025340000.0,0.0014871826,42352188.0,0.01174176,4.635583e15,0.0024053345,50273268000.0,0.007567383,390232700.0,0.00028515625,10671167000.0,0.00024993895,89155.61,0.003001709,9780743000.0,0.022238953,3098485.2,0.0052816775,1.3432861e13,0.006044617,80785496.0,0.0042509157,319866.8,0.052433595,20602.535,4.235119,463558300.0,5027.327,39.02317,1067.1167,0.008815561,978.0743,0.30974853,1343286.1,8.07845,0.031886682,1.4871826e-7,0.000001174176,2.4053344e-7,7.5673825e-7,2.8515624e-8,2.4993895e-8,3.0017088e-7,0.0000022238953,5.2816773e-7,6.0446166e-7,4.2509157e-7,0.0000052433593,38744110.0,1.7907342e16,9.749018e-7,1.6406236e16,128086830.0,3.305969,27120878.0
40.0,50.0,0.6000000238418579,0.10000000149011612,10.0,1.2999999523162842,14,0.006000000052154064,30,303094820000.0,0.0017844238,74470300.0,0.012577576,3.352053e15,0.0028859254,29323766000.0,0.002474182,432933100.0,0.012130188,18153839000.0,0.0019732055,50557.676,0.0036011962,10704913000.0,0.0409151,1927752.5,0.004676819,1.5505528e13,0.006453186,112190970.0,0.005099365,201448.28,0.04838672,30309.484,7.4469304,335205340.0,2932.3767,43.29321,1815.3839,0.0049557677,1070.4913,0.19267525,1550552.9,11.218997,0.020044828,1.7844238e-7,0.0000012577575,2.8859253e-7,2.474182e-7,0.0000012130188,1.9732055e-7,3.601196e-7,0.00000409151,4.6768187e-7,6.4531855e-7,5.099365e-7,0.000004838672,28066008.0,9.363752e15,0.0000011913156,8.5760516e15,92606980.0,3.2996135,19646206.0
40.0,50.0,0.6000000238418579,0.10000000149011612,10.0,1.2999999523162842,14,0.00800000037997961,30,314061720000.0,0.0017844238,83426110.0,0.012577576,3.2764037e15,0.0028859254,34124954000.0,0.002474182,431097760.0,0.012130188,18869635000.0,0.0019732055,50557.676,0.0036011962,10993187000.0,0.0409151,1924476.8,0.004676819,1.5103223e13,0.006453186,116384090.0,0.005099365,199385.2,0.04838672,31406.172,8.342511,327640400.0,3412.4956,43.109676,1886.9635,0.0049557677,1099.3186,0.19234768,1510322.4,11.6383095,0.01983852,1.7844238e-7,0.0000012577575,2.8859253e-7,2.474182e-7,0.0000012130188,1.9732055e-7,3.601196e-7,0.00000409151,4.6768187e-7,6.4531855e-7,5.099365e-7,0.000004838672,27432378.0,8.9458757e15,0.0000011913156,8.1933405e15,90517070.0,3.2996438,19202664.0
40.0,50.0,0.6000000238418579,0.10000000149011612,10.0,1.2999999523162842,14,0.009999999776482582,30,310847300000.0,0.0017844238,87330990.0,0.012577576,3.259092e15,0.0028859254,37014524000.0,0.002474182,431097760.0,0.012130188,18869635000.0,0.0019732055,50557.676,0.0036011962,10993187000.0,0.0409151,1924476.8,0.004676819,1.503013e13,0.006453186,116135360.0,0.005099365,199385.2,0.04838672,31084.732,8.733,325909220.0,3701.4524,43.109676,1886.9635,0.0049557677,1099.3186,0.19234768,1503013.0,11.613437,0.01983852,1.7844238e-7,0.0000012577575,2.8859253e-7,2.474182e-7,0.0000012130188,1.9732055e-7,3.601196e-7,0.00000409151,4.6768187e-7,6.4531855e-7,5.099365e-7,0.000004838672,27287504.0,8.85159e15,0.0000011913156,8.106982e15,90038780.0,3.2996342,19101252.0
40.0,50.0,0.6000000238418579,0.10000000149011612,9.0,1.2999999523162842,14,0.006000000052154064,30,286316100000.0,0.0017844238,66957936.0,0.012577576,3.168291e15,0.0028859254,31454659000.0,0.002474182,409693500.0,0.012130188,17805076000.0,0.0019732055,47501.72,0.0036011962,9848061000.0,0.05295337,1945361.0,0.004676819,1.4487922e13,0.006453186,103160180.0,0.005099365,197296.86,0.04838672,28631.611,6.6956935,316829120.0,3145.4658,40.969254,1780.5076,0.004650172,984.80597,0.1944361,1448792.2,10.315918,0.019629687,1.7844238e-7,0.0000012577575,2.8859253e-7,2.474182e-7,0.0000012130188,1.9732055e-7,3.601196e-7,0.000005295337,4.6768187e-7,6.4531855e-7,5.099365e-7,0.000004838672,26526042.0,8.365232e15,0.0000012916347,7.661601e15,87530570.0,3.2997975,18568230.0
40.0,50.0,0.6000000238418579,0.10000000149011612,9.0,1.2999999523162842,14,0.00800000037997961,30,296675900000.0,0.0017844238,75010310.0,0.012577576,3.0967887e15,0.0028859254,34205389000.0,0.002474182,407956700.0,0.012130188,18507120000.0,0.0019732055,47501.72,0.0036011962,10242957000.0,0.05295337,1942055.4,0.004676819,1.4112019e13,0.006453186,107015784.0,0.005099365,195276.3,0.04838672,29667.59,7.5009313,309678880.0,3420.539,40.79557,1850.7119,0.004650172,1024.2957,0.19410554,1411201.9,10.701479,0.019427631,1.7844238e-7,0.0000012577575,2.8859253e-7,2.474182e-7,0.0000012130188,1.9732055e-7,3.601196e-7,0.000005295337,4.6768187e-7,6.4531855e-7,5.099365e-7,0.000004838672,25927174.0,7.991917e15,0.0000012916347,7.3196986e15,85555240.0,3.299829,18149022.0
40.0,50.0,0.6000000238418579,0.10000000149011612,9.0,1.2999999523162842,14,0.009999999776482582,30,293639420000.0,0.0017844238,78521280.0,0.012577576,3.0804262e15,0.0028859254,37101770000.0,0.002474182,407956700.0,0.012130188,18507120000.0,0.0019732055,47501.72,0.0036011962,10242957000.0,0.05295337,1942055.4,0.004676819,1.4043723e13,0.006453186,106787070.0,0.005099365,195276.3,0.04838672,29363.941,7.852028,308042620.0,3710.177,40.79557,1850.7119,0.004650172,1024.2957,0.19410554,1404372.4,10.678608,0.019427631,1.7844238e-7,0.0000012577575,2.8859253e-7,2.474182e-7,0.0000012130188,1.9732055e-7,3.601196e-7,0.000005295337,4.6768187e-7,6.4531855e-7,5.099365e-7,0.000004838672,25790250.0,7.907686e15,0.0000012916347,7.242549e15,85103170.0,3.2998195,18053174.0
40.0,50.0,0.6000000238418579,0.10000000149011612,10.0,1.2999999523162842,14,0.004999999888241291,30,295444000000.0,0.0017844238,75570340.0,0.012577576,2.7487514e15,0.0028859254,25221038000.0,0.002474182,402607970.0,0.012130188,18249654000.0,0.0019732055,50934.86,0.0036011962,10419465000.0,0.0409151,1936958.2,0.004676819,1.4203404e13,0.006453186,99422904.0,0.005099365,203099.88,0.04838672,29544.398,7.5569334,274875140.0,2522.104,40.2607,1824.9656,0.0049934858,1041.9465,0.19359583,1420340.5,9.94219,0.020209989,1.7844238e-7,0.0000012577575,2.8859253e-7,2.474182e-7,0.0000012130188,1.9732055e-7,3.601196e-7,0.00000409151,4.6768187e-7,6.4531855e-7,5.099365e-7,0.000004838672,23027538.0,6.29653e15,0.0000011913156,5.7662626e15,75935910.0,3.2976131,16119276.0
40.0,50.0,0.6000000238418579,0.10000000149011612,9.0,1.2999999523162842,14,0.004999999888241291,30,279088800000.0,0.0017844238,67947000.0,0.012577576,2.629435e15,0.0028859254,27053793000.0,0.002474182,380996220.0,0.012130188,17899050000.0,0.0019732055,47856.105,0.0036011962,9585461000.0,0.05295337,1954650.9,0.004676819,1.3271255e13,0.006453186,91175250.0,0.005099365,198914.42,0.04838672,27908.879,6.7946,262943500.0,2705.3792,38.099525,1789.9052,0.004685611,958.5461,0.1953651,1327125.6,9.117425,0.019791443,1.7844238e-7,0.0000012577575,2.8859253e-7,2.474182e-7,0.0000012130188,1.9732055e-7,3.601196e-7,0.000005295337,4.6768187e-7,6.4531855e-7,5.099365e-7,0.000004838672,22025336.0,5.761754e15,0.0000012916347,5.2766384e15,72640470.0,3.2980416,15417735.0
40.0,50.0,0.6000000238418579,0.10000000149011612,10.0,1.2999999523162842,14,0.004000000189989805,30,242950770000.0,0.0017844238,73194210.0,0.012577576,1.7572432e15,0.0028859254,26583181000.0,0.002474182,419623400.0,0.012130188,14209227000.0,0.0019732055,51098.395,0.0036011962,9476909000.0,0.0409151,1942319.6,0.004676819,1.2586599e13,0.006453186,95527490.0,0.005099365,195501.89,0.04838672,24295.078,7.3193207,175724320.0,2658.3179,41.96224,1420.9226,0.0050098393,947.69086,0.19413197,1258659.9,9.552649,0.01945019,1.7844238e-7,0.0000012577575,2.8859253e-7,2.474182e-7,0.0000012130188,1.9732055e-7,3.601196e-7,0.00000409151,4.6768187e-7,6.4531855e-7,5.099365e-7,0.000004838672,14751029.0,2.5733852e15,0.0000011913156,2.3557922e15,48536504.0,3.290381,10325720.0
40.0,50.0,0.6000000238418579,0.10000000149011612,9.0,1.2999999523162842,14,0.004000000189989805,30,229501520000.0,0.0017844238,65810572.0,0.012577576,1.6138287e15,0.0028859254,28514920000.0,0.002474182,397098270.0,0.012130188,14120501000.0,0.0019732055,48009.754,0.0036011962,8718350000.0,0.05295337,1960061.2,0.004676819,1.1616567e13,0.006453186,87378184.0,0.005099365,191473.02,0.04838672,22950.152,6.5809574,161382880.0,2851.492,39.70973,1412.05,0.0047009755,871.83496,0.19590613,1161656.8,8.737719,0.019047301,1.7844238e-7,0.0000012577575,2.8859253e-7,2.474182e-7,0.0000012130188,1.9732055e-7,3.601196e-7,0.000005295337,4.6768187e-7,6.4531855e-7,5.099365e-7,0.000004838672,13547723.0,2.170482e15,0.0000012916347,1.9869413e15,44575120.0,3.2902296,9483406.0
40.0,50.0,0.6000000238418579,0.10000000149011612,10.0,1.2999999523162842,14,0.003000000026077032,30,238835200000.0,0.0017844238,65895548.0,0.012577576,1.137893e15,0.0028859254,15696213000.0,0.002474182,397187520.0,0.012130188,13066280000.0,0.0019732055,51738.695,0.0036011962,8140307500.0,0.0409151,1847044.2,0.004676819,8208443000000.0,0.006453186,64059060.0,0.005099365,185815.75,0.04838672,23883.521,6.589455,113789310.0,1569.6212,39.71865,1306.6279,0.0050738696,814.0307,0.18460442,820844.3,6.405806,0.018481577,1.7844238e-7,0.0000012577575,2.8859253e-7,2.474182e-7,0.0000012130188,1.9732055e-7,3.601196e-7,0.00000409151,4.6768187e-7,6.4531855e-7,5.099365e-7,0.000004838672,9553148.0,1.0790569e15,0.0000011913156,9.877943e14,31429194.0,3.2899306,6687203.0
40.0,50.0,0.6000000238418579,0.10000000149011612,9.0,1.2999999523162842,14,0.003000000026077032,30,225613770000.0,0.0017844238,59248184.0,0.012577576,1.0514854e15,0.0028859254,15427523000.0,0.002474182,375866750.0,0.012130188,12986979000.0,0.0019732055,48611.355,0.0036011962,7547579400.0,0.05295337,1863915.5,0.004676819,7575830000000.0,0.006453186,61165076.0,0.005099365,181986.48,0.04838672,22561.379,5.9247184,105148536.0,1542.7522,37.58658,1298.6979,0.0047611357,754.7579,0.18629156,757583.06,6.116408,0.018098649,1.7844238e-7,0.0000012577575,2.8859253e-7,2.474182e-7,0.0000012130188,1.9732055e-7,3.601196e-7,0.000005295337,4.6768187e-7,6.4531855e-7,5.099365e-7,0.000004838672,8827694.0,9.2139907e14,0.0000012916347,8.434709e14,29042570.0,3.2899384,6179385.0
40.0,50.0,0.5,0.10000000149011612,10.0,1.100000023841858,14,0.0020000000949949026,30,141506040000.0,0.0014871826,38902930.0,0.01174176,9.372014e14,0.0024053345,28813838000.0,0.007567383,246039660.0,0.011401733,6648119300.0,0.00024993895,97192.15,0.003001709,6083595000.0,0.021887023,2935158.8,0.0052816775,7887783000000.0,0.006044617,52274784.0,0.0042509157,308681.8,0.052433595,14150.6045,3.890193,93720140.0,2881.384,24.603867,664.8118,0.0096192155,608.3594,0.29341587,788778.3,5.2273784,0.030768182,1.4871826e-7,0.000001174176,2.4053344e-7,7.5673825e-7,0.0000011401733,2.4993895e-8,3.0017088e-7,0.0000021887022,5.2816773e-7,6.0446166e-7,4.2509157e-7,0.0000052433593,7877271.5,7.320073e14,0.0000010646072,6.699559e14,25883506.0,3.2858467,5514089.5
40.0,50.0,0.5,0.10000000149011612,10.0,1.2000000476837158,14,0.00800000037997961,30,55777050000.0,0.0014871826,24258460.0,0.010696899,9.123391e14,0.0024053345,16239348000.0,0.005265991,178881120.0,0.00028515625,3788887300.0,0.00024993895,52669.633,0.003001709,3522726000.0,0.02243396,1389190.6,0.0052816775,2976627800000.0,0.0047435914,59586210.0,0.0042509157,210643.0,0.04522705,5577.705,2.425746,91233910.0,1623.9347,17.888012,378.88864,0.0051669637,352.2725,0.13881907,297662.78,5.958521,0.0209643,1.4871826e-7,0.0000010696899,2.4053344e-7,5.265991e-7,2.8515624e-8,2.4993895e-8,3.0017088e-7,0.000002243396,5.2816773e-7,4.7435913e-7,4.2509157e-7,0.000004522705,7628294.5,6.936429e14,8.77745e-7,6.35452e14,25208174.0,3.3045623,5339805.5
40.0,50.0,0.5,0.10000000149011612,10.0,1.2000000476837158,14,0.009999999776482582,30,55566483000.0,0.0014871826,24177786.0,0.010696899,9.069136e14,0.0024053345,17707780000.0,0.005265991,178881120.0,0.00028515625,3788887300.0,0.00024993895,52669.633,0.003001709,3522726000.0,0.02243396,1389190.6,0.0052816775,2951399600000.0,0.0047435914,59480090.0,0.0042509157,210643.0,0.04522705,5556.6484,2.4176786,90691360.0,1770.778,17.888012,378.88864,0.0051669637,352.2725,0.13881907,295139.97,5.947909,0.0209643,1.4871826e-7,0.0000010696899,2.4053344e-7,5.265991e-7,2.8515624e-8,2.4993895e-8,3.0017088e-7,0.000002243396,5.2816773e-7,4.7435913e-7,4.2509157e-7,0.000004522705,7582882.0,6.854175e14,8.77745e-7,6.2791744e14,25058280.0,3.3045852,5308017.0
40.0,50.0,0.5,0.10000000149011612,9.0,1.100000023841858,14,0.0020000000949949026,30,131005915000.0,0.0014871826,36534084.0,0.01174176,8.673977e14,0.0024053345,26788890000.0,0.007567383,233914940.0,0.011401733,6666149400.0,0.00024993895,90458.125,0.003001709,5860389400.0,0.022238953,2985187.2,0.0052816775,7645685000000.0,0.006044617,50360136.0,0.0042509157,290554.5,0.052433595,13100.592,3.6533084,86739770.0,2678.8892,23.391396,666.6148,0.0089458125,586.0388,0.29841873,764568.5,5.0359135,0.02895545,1.4871826e-7,0.000001174176,2.4053344e-7,7.5673825e-7,0.0000011401733,2.4993895e-8,3.0017088e-7,0.0000022238953,5.2816773e-7,6.0446166e-7,4.2509157e-7,0.0000052433593,7293450.0,6.27031e14,0.0000010675399,5.738366e14,23954888.0,3.2844386,5105414.5
40.0,50.0,0.5,0.10000000149011612,10.0,1.2000000476837158,14,0.006000000052154064,30,54258520000.0,0.0014871826,20468664.0,0.010696899,8.310139e14,0.0024053345,13881439000.0,0.005265991,179217870.0,0.00028515625,3650827000.0,0.00024993895,52669.633,0.003001709,3422012200.0,0.02243396,1391160.5,0.0052816775,3030356300000.0,0.0047435914,60224090.0,0.0042509157,211432.38,0.04522705,5425.852,2.0467663,83101390.0,1388.1439,17.921686,365.0826,0.0051669637,342.2011,0.13901605,303035.62,6.022309,0.02104324,1.4871826e-7,0.0000010696899,2.4053344e-7,5.265991e-7,2.8515624e-8,2.4993895e-8,3.0017088e-7,0.000002243396,5.2816773e-7,4.7435913e-7,4.2509157e-7,0.000004522705,6950997.5,5.754944e14,8.77745e-7,5.2717804e14,22960358.0,3.3031745,4865697.5
40.0,50.0,0.5,0.10000000149011612,9.0,1.2000000476837158,14,0.00800000037997961,30,52632530000.0,0.0014871826,22643012.0,0.010696899,8.2512335e14,0.0024053345,15831626000.0,0.005265991,166937650.0,0.00028515625,3814344400.0,0.00024993895,48503.883,0.003001709,3421655600.0,0.023965577,1430634.9,0.0052816775,2774436000000.0,0.0047435914,56421470.0,0.0042509157,198137.5,0.04522705,5263.253,2.2642014,82512340.0,1583.1625,16.693665,381.43436,0.004750388,342.16547,0.14296348,277443.6,5.6420474,0.01971375,1.4871826e-7,0.0000010696899,2.4053344e-7,5.265991e-7,2.8515624e-8,2.4993895e-8,3.0017088e-7,0.0000023965576,5.2816773e-7,4.7435913e-7,4.2509157e-7,0.000004522705,6899781.5,5.673635e14,8.9050855e-7,5.197565e14,22798168.0,3.304187,4829846.5
40.0,50.0,0.5,0.10000000149011612,9.0,1.2000000476837158,14,0.009999999776482582,30,52433834000.0,0.0014871826,22567710.0,0.010696899,8.202166e14,0.0024053345,17263190000.0,0.005265991,166937650.0,0.00028515625,3814344400.0,0.00024993895,48503.883,0.003001709,3421655600.0,0.023965577,1430634.9,0.0052816775,2750921300000.0,0.0047435914,56320988.0,0.0042509157,198137.5,0.04522705,5243.3833,2.256671,82021660.0,1726.3187,16.693665,381.43436,0.004750388,342.16547,0.14296348,275092.12,5.631999,0.01971375,1.4871826e-7,0.0000010696899,2.4053344e-7,5.265991e-7,2.8515624e-8,2.4993895e-8,3.0017088e-7,0.0000023965576,5.2816773e-7,4.7435913e-7,4.2509157e-7,0.000004522705,6858706.0,5.6063577e14,8.9050855e-7,5.1359393e14,22662610.0,3.3042107,4801093.5
40.0,50.0,0.6000000238418579,0.10000000149011612,10.0,1.0,14,0.0010000000474974513,30,400284650000.0,0.0042734374,127614620.0,0.016294556,7.426879e14,0.0028859254,125952885000.0,0.0087891845,1434503400.0,0.00034216308,51102142000.0,0.00029992676,236608.39,0.0036011962,7982990300.0,0.069678895,9622991.0,0.006335083,3.3138732e13,0.009663147,160966560.0,0.0072698975,840728.7,0.058415465,40028.465,12.761363,74268790.0,12595.288,143.45024,5110.2144,0.023560839,798.29895,0.9621991,3313873.2,16.096556,0.08397287,4.2734374e-7,0.0000016294555,2.8859253e-7,8.7891846e-7,3.4216306e-8,2.9992677e-8,3.601196e-7,0.0000069678895,6.3350825e-7,9.663147e-7,7.2698975e-7,0.000005841546,6470114.5,4.6056974e14,0.0000015654072,4.1870737e14,20462340.0,3.1625931,4529079.5
40.0,50.0,0.5,0.10000000149011612,9.0,1.2000000476837158,14,0.006000000052154064,30,51199610000.0,0.0014871826,19105590.0,0.010696899,7.47302e14,0.0024053345,14324158000.0,0.005265991,167251900.0,0.00028515625,3675356700.0,0.00024993895,48503.883,0.003001709,3288006700.0,0.023965577,1432663.6,0.0052816775,2824514800000.0,0.0047435914,57025476.0,0.0042509157,198880.02,0.04522705,5119.961,1.9104592,74730210.0,1432.4158,16.72509,367.53555,0.004750388,328.80057,0.14316636,282451.5,5.702448,0.019788,1.4871826e-7,0.0000010696899,2.4053344e-7,5.265991e-7,2.8515624e-8,2.4993895e-8,3.0017088e-7,0.0000023965576,5.2816773e-7,4.7435913e-7,4.2509157e-7,0.000004522705,6251660.5,4.6539034e14,8.9050855e-7,4.2630708e14,20647206.0,3.3026755,4376162.0
40.0,50.0,0.5,0.10000000149011612,10.0,1.2000000476837158,14,0.004999999888241291,30,52460646000.0,0.0014871826,20001534.0,0.010696899,6.935067e14,0.0024053345,14293143000.0,0.005265991,178659760.0,0.00028515625,3688596200.0,0.00024993895,52905.746,0.003001709,3449674800.0,0.02243396,1393946.8,0.0052816775,2801727700000.0,0.0047435914,56836404.0,0.0042509157,213375.19,0.04522705,5246.0645,2.0000534,69350670.0,1429.3142,17.865875,368.85953,0.005190575,344.96738,0.13929467,280172.78,5.6835403,0.021237519,1.4871826e-7,0.0000010696899,2.4053344e-7,5.265991e-7,2.8515624e-8,2.4993895e-8,3.0017088e-7,0.000002243396,5.2816773e-7,4.7435913e-7,4.2509157e-7,0.000004522705,5803188.0,4.007995e14,8.77745e-7,3.671225e14,19160440.0,3.3017094,4062231.2
40.0,50.0,0.6000000238418579,0.10000000149011612,9.0,1.0,14,0.0010000000474974513,30,361057220000.0,0.0042734374,109100570.0,0.016294556,6.2041145e14,0.0028859254,115303080000.0,0.0087891845,1312799600.0,0.00034216308,50199265000.0,0.00029992676,219829.55,0.0036011962,7556616700.0,0.077690065,9659123.0,0.006335083,3.221457e13,0.009663147,179965390.0,0.0072698975,811063.4,0.058415465,36105.723,10.909957,62041148.0,11530.309,131.27986,5019.927,0.021882955,755.66156,0.96581227,3221457.0,17.99644,0.08100634,4.2734374e-7,0.0000016294555,2.8859253e-7,8.7891846e-7,3.4216306e-8,2.9992677e-8,3.601196e-7,0.0000077690065,6.3350825e-7,9.663147e-7,7.2698975e-7,0.000005841546,5443014.5,3.2162363e14,0.000001632167,2.919972e14,17087926.0,3.1394231,3810109.8
40.0,50.0,0.5,0.10000000149011612,9.0,1.2000000476837158,14,0.004999999888241291,30,49503097000.0,0.0014871826,18669568.0,0.010696899,6.310114e14,0.0024053345,14748993000.0,0.005265991,166731070.0,0.00028515625,3713379600.0,0.00024993895,48721.32,0.003001709,3314585900.0,0.023965577,1435532.9,0.0052816775,2611416100000.0,0.0047435914,53817720.0,0.0042509157,200707.48,0.04522705,4950.31,1.8668568,63101144.0,1474.8992,16.673008,371.33786,0.004772132,331.4585,0.14345329,261141.62,5.381672,0.019970749,1.4871826e-7,0.0000010696899,2.4053344e-7,5.265991e-7,2.8515624e-8,2.4993895e-8,3.0017088e-7,0.0000023965576,5.2816773e-7,4.7435913e-7,4.2509157e-7,0.000004522705,5280786.5,3.3181854e14,8.9050855e-7,3.0393182e14,17433640.0,3.301334,3696550.2
40.0,50.0,0.5,0.10000000149011612,10.0,1.2000000476837158,14,0.004000000189989805,30,50704330000.0,0.0014871826,20184538.0,0.010696899,6.0228716e14,0.0024053345,12452624000.0,0.005265991,169501600.0,0.00028515625,3016672800.0,0.00024993895,53138.188,0.003001709,3230259500.0,0.02243396,1398823.2,0.0052816775,2690098400000.0,0.0047435914,48977936.0,0.0042509157,216171.39,0.04522705,5070.433,2.018354,60228716.0,1245.2623,16.95006,301.6672,0.005213819,323.02585,0.13978234,269009.84,4.8976936,0.021517139,1.4871826e-7,0.0000010696899,2.4053344e-7,5.265991e-7,2.8515624e-8,2.4993895e-8,3.0017088e-7,0.000002243396,5.2816773e-7,4.7435913e-7,4.2509157e-7,0.000004522705,5042057.5,3.0229755e14,8.77745e-7,2.768752e14,16639567.0,3.3001542,3529440.0
40.0,50.0,0.5,0.10000000149011612,9.0,1.2000000476837158,14,0.004000000189989805,30,47845794000.0,0.0014871826,18840386.0,0.010696899,5.4270274e14,0.0024053345,12849776000.0,0.005265991,158184370.0,0.00028515625,3036941600.0,0.00024993895,48935.38,0.003001709,3103763000.0,0.023965577,1440554.9,0.0052816775,2481257000000.0,0.0047435914,46272756.0,0.0042509157,203337.69,0.04522705,4784.5796,1.8839387,54270276.0,1284.9774,15.818337,303.69406,0.0047935382,310.3762,0.14395548,248125.69,4.627176,0.020233769,1.4871826e-7,0.0000010696899,2.4053344e-7,5.265991e-7,2.8515624e-8,2.4993895e-8,3.0017088e-7,0.0000023965576,5.2816773e-7,4.7435913e-7,4.2509157e-7,0.000004522705,4543758.5,2.4544369e14,8.9050855e-7,2.2479795e14,14993264.0,3.2997494,3180630.8
40.0,50.0,0.5,0.10000000149011612,10.0,1.2000000476837158,14,0.003000000026077032,30,43677336000.0,0.0014871826,18777764.0,0.010696899,3.486876e14,0.0024053345,8401373000.0,0.005265991,151751860.0,0.00028515625,2866750000.0,0.00024993895,52803.234,0.003001709,2903011000.0,0.02243396,1330971.6,0.0052816775,1644055900000.0,0.0047435914,45204864.0,0.0042509157,200397.1,0.04522705,4367.7334,1.8776765,34868760.0,840.13727,15.175086,286.6749,0.0051803235,290.30103,0.13299717,164405.6,4.5203867,0.019939711,1.4871826e-7,0.0000010696899,2.4053344e-7,5.265991e-7,2.8515624e-8,2.4993895e-8,3.0017088e-7,0.000002243396,5.2816773e-7,4.7435913e-7,4.2509157e-7,0.000004522705,2919914.0,1.0132146e14,8.77745e-7,9.279556e13,9633045.0,3.2990851,2043939.4
40.0,50.0,0.5,0.10000000149011612,9.0,1.2000000476837158,14,0.003000000026077032,30,40895214000.0,0.0014871826,17527294.0,0.010696899,3.127526e14,0.0024053345,8104455000.0,0.005265991,141619740.0,0.00028515625,2877435000.0,0.00024993895,48626.918,0.003001709,2789329400.0,0.023965577,1370679.0,0.0052816775,1516422200000.0,0.0047435914,42614972.0,0.0042509157,188499.89,0.04522705,4089.5215,1.7526294,31275262.0,810.44543,14.161875,287.74338,0.004762692,278.93283,0.1369679,151642.22,4.2613974,0.01874999,1.4871826e-7,0.0000010696899,2.4053344e-7,5.265991e-7,2.8515624e-8,2.4993895e-8,3.0017088e-7,0.0000023965576,5.2816773e-7,4.7435913e-7,4.2509157e-7,0.000004522705,2619366.0,8.151376e13,8.9050855e-7,7.465268e13,8640178.0,3.298576,1833555.8
40.0,50.0,0.6000000238418579,0.10000000149011612,10.0,1.2999999523162842,14,0.0020000000949949026,30,73975670000.0,0.0017844238,38732344.0,0.012577576,8.774521e13,0.0028859254,10333225000.0,0.002474182,190709100.0,0.010844056,8856037000.0,0.0019732055,50994.25,0.0036011962,2492216300.0,0.0409151,1454497.9,0.004676819,4524539000000.0,0.006453186,37724110.0,0.005099365,148533.39,0.04838672,7397.567,3.8731346,8774521.0,1033.3224,19.07081,885.6037,0.004999425,249.22154,0.14534979,452453.88,3.7723112,0.01475334,1.7844238e-7,0.0000012577575,2.8859253e-7,2.474182e-7,0.0000010844055,1.9732055e-7,3.601196e-7,0.00000409151,4.6768187e-7,6.4531855e-7,5.099365e-7,0.000004838672,769714.0,6433083000000.0,0.0000011805979,5840623400000.0,2416738.2,3.1397872,538799.5
40.0,50.0,0.6000000238418579,0.10000000149011612,9.0,1.2999999523162842,14,0.0020000000949949026,30,69761910000.0,0.0017844238,34243740.0,0.012577576,8.568753e13,0.0028859254,10065124000.0,0.002474182,179003800.0,0.010844056,8580048400.0,0.0019732055,48057.5,0.0036011962,2395531300.0,0.05295337,1463634.5,0.004676819,4485452700000.0,0.006453186,34268650.0,0.005099365,144189.53,0.04838672,6976.191,3.4242742,8568753.0,1006.5124,17.90028,858.00476,0.0047057504,239.55304,0.14626345,448545.28,3.4267647,0.014318954,1.7844238e-7,0.0000012577575,2.8859253e-7,2.474182e-7,0.0000010844055,1.9732055e-7,3.601196e-7,0.000005295337,4.6768187e-7,6.4531855e-7,5.099365e-7,0.000004838672,752200.2,6135398000000.0,0.0000012809169,5569592700000.0,2359998.5,3.1374607,526539.8
40.0,50.0,0.5,0.10000000149011612,10.0,1.2000000476837158,14,0.0020000000949949026,30,22195194000.0,0.0014871826,14648873.0,0.010696899,4.7693485e13,0.0024053345,6119459000.0,0.005265991,89772120.0,0.010703064,1983402900.0,0.00024993895,53853.85,0.003001709,1541123000.0,0.02243396,1197407.4,0.0052816775,860027900000.0,0.0047435914,26773416.0,0.0042509157,178583.16,0.04522705,2219.519,1.4647874,4769348.5,611.9458,8.977112,198.3402,0.0052853855,154.1122,0.119640745,86002.79,2.6772418,0.017758315,1.4871826e-7,0.0000010696899,2.4053344e-7,5.265991e-7,0.0000010703063,2.4993895e-8,3.0017088e-7,0.000002243396,5.2816773e-7,4.7435913e-7,4.2509157e-7,0.000004522705,404879.03,1896173900000.0,9.64561e-7,1732246900000.0,1316148.5,3.2507203,283415.0
40.0,50.0,0.5,0.10000000149011612,9.0,1.2000000476837158,14,0.0020000000949949026,30,20455772000.0,0.0014871826,13517527.0,0.010696899,4.5599655e13,0.0024053345,5820860400.0,0.005265991,83348980.0,0.010703064,1957615200.0,0.00024993895,49721.496,0.003001709,1523952900.0,0.023965577,1233130.1,0.0052816775,819905000000.0,0.0047435914,26334958.0,0.0042509157,167981.0,0.04522705,2045.5771,1.3516527,4559965.5,582.08594,8.334798,195.76143,0.0048721493,152.3952,0.12321301,81990.5,2.633396,0.0166981,1.4871826e-7,0.0000010696899,2.4053344e-7,5.265991e-7,0.0000010703063,2.4993895e-8,3.0017088e-7,0.0000023965576,5.2816773e-7,4.7435913e-7,4.2509157e-7,0.000004522705,387078.66,1733334400000.0,9.773244e-7,1583504600000.0,1258373.8,3.250951,270954.75
40.0,50.0,0.5,0.10000000149011612,10.0,1.2999999523162842,14,0.006000000052154064,30,12141344000.0,0.0014871826,11756558.0,0.01048352,2.9770958e13,0.0024053345,1749965300.0,0.0020514526,51399124.0,0.010108826,1163189000.0,0.0016445313,26765.361,0.003001709,755247200.0,0.03326825,558034.94,0.0038986206,332013040000.0,0.0053778687,16727651.0,0.0042509157,85102.75,0.04044977,1214.1343,1.1755558,2977095.8,174.99643,5.1398125,116.318794,0.002576536,75.52462,0.055703495,33201.305,1.6726652,0.008410275,1.4871826e-7,0.000001048352,2.4053344e-7,2.0514526e-7,0.0000010108826,1.6445313e-7,3.0017088e-7,0.000003326825,3.8986204e-7,5.3778683e-7,4.2509157e-7,0.000004044977,250990.52,738683500000.0,9.868999e-7,675687300000.0,822002.0,3.275032,175693.03
40.0,50.0,0.5,0.10000000149011612,10.0,1.2999999523162842,14,0.00800000037997961,30,12507228000.0,0.0014871826,12936351.0,0.01048352,2.9215972e13,0.0024053345,1986295200.0,0.0020514526,51217510.0,0.010108826,1201451500.0,0.0016445313,26765.361,0.003001709,772636900.0,0.03326825,557244.7,0.0038986206,324820270000.0,0.0053778687,17250164.0,0.0042509157,84375.95,0.04044977,1250.7228,1.2935351,2921597.2,198.62943,5.1216516,120.14506,0.002576536,77.263596,0.055624466,32482.027,1.7249163,0.0083375955,1.4871826e-7,0.000001048352,2.4053344e-7,2.0514526e-7,0.0000010108826,1.6445313e-7,3.0017088e-7,0.000003326825,3.8986204e-7,5.3778683e-7,4.2509157e-7,0.000004044977,246311.19,711398900000.0,9.868999e-7,650729700000.0,806678.2,3.2750368,172417.5
40.0,50.0,0.5,0.10000000149011612,10.0,1.2999999523162842,14,0.009999999776482582,30,12400479000.0,0.0014871826,13440995.0,0.01048352,2.9087303e13,0.0024053345,2126571500.0,0.0020514526,51217510.0,0.010108826,1201451500.0,0.0016445313,26765.361,0.003001709,772636900.0,0.03326825,557244.7,0.0038986206,323510000000.0,0.0053778687,17219442.0,0.0042509157,84375.95,0.04044977,1240.0479,1.3439996,2908730.2,212.65704,5.1216516,120.14506,0.002576536,77.263596,0.055624466,32351.0,1.7218443,0.0083375955,1.4871826e-7,0.000001048352,2.4053344e-7,2.0514526e-7,0.0000010108826,1.6445313e-7,3.0017088e-7,0.000003326825,3.8986204e-7,5.3778683e-7,4.2509157e-7,0.000004044977,245228.3,705146650000.0,9.868999e-7,645009700000.0,803124.94,3.2750092,171659.48
40.0,50.0,0.5,0.10000000149011612,9.0,1.2999999523162842,14,0.006000000052154064,30,11573702000.0,0.0014871826,10755828.0,0.01048352,2.836816e13,0.0024053345,1855263900.0,0.0020514526,49074170.0,0.010108826,1144103600.0,0.0016445313,25402.488,0.003001709,704221800.0,0.043392275,562222.25,0.0038986206,313607060000.0,0.0053778687,15592045.0,0.0042509157,83631.29,0.04044977,1157.3701,1.0754827,2836816.0,185.52629,4.907317,114.41026,0.0024402488,70.42209,0.05612223,31360.707,1.5591046,0.008263129,1.4871826e-7,0.000001048352,2.4053344e-7,2.0514526e-7,0.0000010108826,1.6445313e-7,3.0017088e-7,0.0000043392274,3.8986204e-7,5.3778683e-7,4.2509157e-7,0.000004044977,239142.64,670709200000.0,0.0000010712668,613520000000.0,783275.2,3.2753472,167399.52
40.0,50.0,0.5,0.10000000149011612,9.0,1.2999999523162842,14,0.00800000037997961,30,11922480000.0,0.0014871826,11835196.0,0.01048352,2.7839326e13,0.0024053345,1989492600.0,0.0020514526,48900772.0,0.010108826,1181738200.0,0.0016445313,25402.488,0.003001709,728286200.0,0.043392275,561426.1,0.0038986206,306813040000.0,0.0053778687,16079086.0,0.0042509157,82917.055,0.04044977,1192.2479,1.1834196,2783932.5,198.94917,4.8899775,118.17372,0.0024402488,72.82852,0.05604261,30681.305,1.6078087,0.008191706,1.4871826e-7,0.000001048352,2.4053344e-7,2.0514526e-7,0.0000010108826,1.6445313e-7,3.0017088e-7,0.0000043392274,3.8986204e-7,5.3778683e-7,4.2509157e-7,0.000004044977,234683.64,645935200000.0,0.0000010712668,590858800000.0,768673.44,3.27536,164278.22
40.0,50.0,0.5,0.10000000149011612,9.0,1.2999999523162842,14,0.009999999776482582,30,11820722000.0,0.0014871826,12296884.0,0.01048352,2.771672e13,0.0024053345,2129994900.0,0.0020514526,48900772.0,0.010108826,1181738200.0,0.0016445313,25402.488,0.003001709,728286200.0,0.043392275,561426.1,0.0038986206,305575430000.0,0.0053778687,16050450.0,0.0042509157,82917.055,0.04044977,1182.0721,1.2295884,2771672.0,212.99939,4.8899775,118.17372,0.0024402488,72.82852,0.05604261,30557.545,1.6049451,0.008191706,1.4871826e-7,0.000001048352,2.4053344e-7,2.0514526e-7,0.0000010108826,1.6445313e-7,3.0017088e-7,0.0000043392274,3.8986204e-7,5.3778683e-7,4.2509157e-7,0.000004044977,233651.94,640258400000.0,0.0000010712668,585665150000.0,765287.6,3.2753317,163556.03
40.0,50.0,0.6000000238418579,0.10000000149011612,10.0,1.100000023841858,14,0.0010000000474974513,30,58275660000.0,0.0034053344,38311170.0,0.014080383,2.500111e13,0.0028859254,12129283000.0,0.0060657347,328259460.0,0.012488831,12871441000.0,0.00029992676,98063.625,0.0036011962,644806660.0,0.044592712,5184855.5,0.006335083,2093187200000.0,0.007254089,45374430.0,0.005099365,282102.34,0.05998407,5827.5664,3.8310168,2500111.0,1212.9282,32.825848,1287.144,0.009706363,64.48057,0.5183856,209318.73,4.537343,0.028110234,3.4053343e-7,0.0000014080382,2.8859253e-7,6.0657345e-7,0.000001248883,2.9992677e-8,3.601196e-7,0.000004459271,6.3350825e-7,7.254089e-7,5.099365e-7,0.000005998407,226488.62,524533900000.0,0.0000013841054,473236800000.0,687922.06,3.037336,158541.73
40.0,50.0,0.6000000238418579,0.10000000149011612,9.0,1.100000023841858,14,0.0010000000474974513,30,56663183000.0,0.0034053344,33941852.0,0.014080383,2.4327066e13,0.0028859254,10902634000.0,0.0060657347,325971800.0,0.012488831,12928065000.0,0.00029992676,92934.13,0.0036011962,628134140.0,0.054898743,5253700.5,0.006335083,1927778700000.0,0.007254089,52457800.0,0.005099365,254716.66,0.06168768,5666.319,3.3940854,2432706.8,1090.2634,32.59708,1292.8064,0.009193413,62.813316,0.52527004,192777.88,5.24568,0.025371667,3.4053343e-7,0.0000014080382,2.8859253e-7,6.0657345e-7,0.000001248883,2.9992677e-8,3.601196e-7,0.000005489874,6.3350825e-7,7.254089e-7,5.099365e-7,0.000006168768,219469.89,496271650000.0,0.0000014841856,448104630000.0,669406.2,3.0501049,153628.61
40.0,50.0,0.5,0.10000000149011612,10.0,1.2999999523162842,14,0.004999999888241291,30,11883457000.0,0.0014871826,11901077.0,0.01048352,2.5192242e13,0.0024053345,1542415100.0,0.0020514526,48360564.0,0.010108826,1168302100.0,0.0016445313,26931.635,0.003001709,738369100.0,0.03326825,560254.3,0.0038986206,308431850000.0,0.0053778687,15109970.0,0.0042509157,85683.72,0.04044977,1188.3456,1.1900077,2519224.2,154.24141,4.8359566,116.83011,0.0025931636,73.83681,0.055925433,30843.186,1.510897,0.008468372,1.4871826e-7,0.000001048352,2.4053344e-7,2.0514526e-7,0.0000010108826,1.6445313e-7,3.0017088e-7,0.000003326825,3.8986204e-7,5.3778683e-7,4.2509157e-7,0.000004044977,212634.02,528953640000.0,9.868999e-7,483740420000.0,695514.5,3.2709465,148843.48
40.0,50.0,0.5,0.10000000149011612,9.0,1.2999999523162842,14,0.004999999888241291,30,11327871000.0,0.0014871826,10888045.0,0.01048352,2.4251183e13,0.0024053345,1635225100.0,0.0020514526,46173052.0,0.010108826,1149132700.0,0.0016445313,25560.295,0.003001709,688484000.0,0.043392275,564458.25,0.0038986206,291333140000.0,0.0053778687,14052641.0,0.0042509157,84202.21,0.04044977,1132.7871,1.0887046,2425118.2,163.52242,4.617205,114.91317,0.0024560296,68.8483,0.056345824,29133.314,1.4051641,0.008320222,1.4871826e-7,0.000001048352,2.4053344e-7,2.0514526e-7,0.0000010108826,1.6445313e-7,3.0017088e-7,0.0000043392274,3.8986204e-7,5.3778683e-7,4.2509157e-7,0.000004044977,204644.89,490170700000.0,0.0000010712668,448291180000.0,669545.5,3.271743,143251.1
40.0,50.0,0.5,0.10000000149011612,10.0,1.2999999523162842,14,0.004000000189989805,30,10087895000.0,0.0014871826,11587099.0,0.01048352,1.7304536e13,0.0024053345,1611638300.0,0.0020514526,50056896.0,0.010108826,947569540.0,0.0016445313,27003.662,0.003001709,681891000.0,0.03326825,561546.1,0.0038986206,278734860000.0,0.0053778687,14611889.0,0.0042509157,82988.63,0.04044977,1008.7895,1.15861,1730453.6,161.16373,5.0055895,94.75685,0.0026003662,68.189,0.056054614,27873.486,1.4610889,0.008198864,1.4871826e-7,0.000001048352,2.4053344e-7,2.0514526e-7,0.0000010108826,1.6445313e-7,3.0017088e-7,0.000003326825,3.8986204e-7,5.3778683e-7,4.2509157e-7,0.000004044977,146638.97,249604000000.0,9.868999e-7,228101010000.0,477599.22,3.2569735,102646.945
40.0,50.0,0.5,0.10000000149011612,9.0,1.2999999523162842,14,0.004000000189989805,30,9616257000.0,0.0014871826,10600793.0,0.01048352,1.6098939e13,0.0024053345,1708613500.0,0.0020514526,47792656.0,0.010108826,942280200.0,0.0016445313,25628.654,0.003001709,635821630.0,0.043392275,565759.8,0.0038986206,260540580000.0,0.0053778687,13559786.0,0.0042509157,81553.72,0.04044977,961.62555,1.0599793,1609894.0,170.86125,4.7791657,94.22792,0.0024628656,63.582066,0.056475982,26054.059,1.3558787,0.008055372,1.4871826e-7,0.000001048352,2.4053344e-7,2.0514526e-7,0.0000010108826,1.6445313e-7,3.0017088e-7,0.0000043392274,3.8986204e-7,5.3778683e-7,4.2509157e-7,0.000004044977,136437.12,216036540000.0,0.0000010712668,197421450000.0,444321.34,3.2566016,95505.66
40.0,50.0,0.5,0.10000000149011612,10.0,1.2999999523162842,14,0.003000000026077032,30,9941133000.0,0.0014871826,10612098.0,0.01048352,1.2009988e13,0.0024053345,1035920700.0,0.0020514526,47799016.0,0.010108826,883112450.0,0.0016445313,27283.781,0.003001709,600376800.0,0.03326825,538416.06,0.0038986206,194797270000.0,0.0053778687,10456855.0,0.0042509157,79523.89,0.04044977,994.1133,1.0611098,1200998.8,103.59197,4.779802,88.31115,0.0026283783,60.037586,0.053741608,19479.727,1.0455855,0.0078523895,1.4871826e-7,0.000001048352,2.4053344e-7,2.0514526e-7,0.0000010108826,1.6445313e-7,3.0017088e-7,0.000003326825,3.8986204e-7,5.3778683e-7,4.2509157e-7,0.000004044977,101810.945,120231535000.0,9.868999e-7,109866070000.0,331460.5,3.255647,71267.336
40.0,50.0,0.5,0.10000000149011612,9.0,1.2999999523162842,14,0.003000000026077032,30,9476356000.0,0.0014871826,9708785.0,0.01048352,1.1232114e13,0.0024053345,1020480400.0,0.0020514526,45636904.0,0.010108826,878328770.0,0.0016445313,25894.512,0.003001709,563498750.0,0.043392275,542456.2,0.0038986206,182081960000.0,0.0053778687,10059054.0,0.0042509157,78148.89,0.04044977,947.63556,0.97077847,1123211.5,102.04794,4.5635905,87.83278,0.002489451,56.349773,0.054145623,18208.197,1.0058055,0.0077148895,1.4871826e-7,0.000001048352,2.4053344e-7,2.0514526e-7,0.0000010108826,1.6445313e-7,3.0017088e-7,0.0000043392274,3.8986204e-7,5.3778683e-7,4.2509157e-7,0.000004044977,95218.35,105161370000.0,0.0000010712668,96094830000.0,309991.66,3.2555873,66652.516
40.0,50.0,0.5,0.10000000149011612,10.0,1.0,14,0.0010000000474974513,30,15265126000.0,0.0035622558,18400214.0,0.013591492,8343930300000.0,0.0024053345,5883498000.0,0.0073185423,139492450.0,0.00028515625,2752531200.0,0.00024993895,96988.99,0.003001709,588008100.0,0.057459228,2134588.0,0.0052816775,622731260000.0,0.00805487,22532702.0,0.006061279,280578.12,0.04891052,1526.5126,1.8399215,834393.06,588.34973,13.949145,275.25302,0.0095989,58.800713,0.2133588,62273.125,2.2531703,0.027957812,3.5622557e-7,0.0000013591491,2.4053344e-7,7.3185424e-7,2.8515624e-8,2.4993895e-8,3.0017088e-7,0.0000057459224,5.2816773e-7,8.05487e-7,6.061279e-7,0.000004891052,74927.78,58341044000.0,0.0000013015166,52726874000.0,229623.33,3.0645952,52449.14
40.0,50.0,0.5,0.10000000149011612,9.0,1.0,14,0.0010000000474974513,30,13995167000.0,0.0035622558,16135880.0,0.013591492,7166722000000.0,0.0024053345,5461195300.0,0.0073185423,129506140.0,0.00028515625,2710856000.0,0.00024993895,91198.69,0.003001709,561381700.0,0.06423505,2140929.0,0.0052816775,607703400000.0,0.00805487,24730738.0,0.006061279,272218.5,0.04891052,1399.5166,1.6134881,716672.2,546.11945,12.950515,271.08548,0.009019869,56.138073,0.21399291,60770.34,2.4729738,0.02712185,3.5622557e-7,0.0000013591491,2.4053344e-7,7.3185424e-7,2.8515624e-8,2.4993895e-8,3.0017088e-7,0.0000064235046,5.2816773e-7,8.05487e-7,6.061279e-7,0.000004891052,64977.72,43109536000.0,0.0000013579819,38887432000.0,197198.97,3.0348706,45484.098
40.0,50.0,0.5,0.10000000149011612,10.0,1.2999999523162842,14,0.0020000000949949026,30,3731780400.0,0.0014871826,6807820.0,0.01048352,1406144500000.0,0.0024053345,730234900.0,0.0020514526,25883896.0,0.009035096,638136700.0,0.0016445313,26952.25,0.003001709,223081840.0,0.03326825,440950.72,0.0038986206,118330700000.0,0.0053778687,6708632.5,0.0042509157,65947.586,0.04044977,373.17795,0.680682,140614.45,73.02339,2.5882895,63.813572,0.002595225,22.308084,0.043995075,11833.071,0.67076325,0.0064947587,1.4871826e-7,0.000001048352,2.4053344e-7,2.0514526e-7,9.0350954e-7,1.6445313e-7,3.0017088e-7,0.000003326825,3.8986204e-7,5.3778683e-7,4.2509157e-7,0.000004044977,12748.653,1659382900.0,9.77952e-7,1496854800.0,38689.207,3.034768,8923.754
40.0,50.0,0.5,0.10000000149011612,9.0,1.2999999523162842,14,0.0020000000949949026,30,3551942400.0,0.0014871826,6140866.0,0.01048352,1376973800000.0,0.0024053345,713877800.0,0.0020514526,24544090.0,0.009035096,621188350.0,0.0016445313,25645.395,0.003001709,215840740.0,0.043392275,443208.16,0.0038986206,117408250000.0,0.0053778687,6189774.5,0.0042509157,64323.992,0.04044977,355.19415,0.6139866,137697.38,71.38769,2.4543092,62.118736,0.0024645394,21.583975,0.044220816,11740.825,0.6188775,0.0063324,1.4871826e-7,0.000001048352,2.4053344e-7,2.0514526e-7,9.0350954e-7,1.6445313e-7,3.0017088e-7,0.0000043392274,3.8986204e-7,5.3778683e-7,4.2509157e-7,0.000004044977,12496.017,1591545700.0,0.000001062319,1435395300.0,37886.613,3.0318952,8746.909
40.0,50.0,0.6000000238418579,0.10000000149011612,9.0,1.2000000476837158,14,0.0010000000474974513,30,4610911000.0,0.0034053344,8907503.0,0.012829224,879919760000.0,0.0028859254,1186670000.0,0.0031972656,79007980.0,0.011651245,1639503500.0,0.00029992676,43441.805,0.0036011962,78797336.0,0.059631653,1946408.9,0.006335083,154382400000.0,0.005694397,17922902.0,0.005099365,150368.9,0.06886529,461.09103,0.8906504,87991.98,118.6669,7.900698,163.95026,0.0042441804,7.8796334,0.19454089,15438.241,1.7921902,0.01493689,3.4053343e-7,0.0000012829223,2.8859253e-7,3.1972655e-7,0.0000011651244,2.9992677e-8,3.601196e-7,0.000005963165,6.3350825e-7,5.694397e-7,5.099365e-7,0.000006886529,8682.717,665098430.0,0.0000015291325,589708860.0,24283.922,2.7968116,6077.622
40.0,50.0,0.6000000238418579,0.10000000149011612,10.0,1.2000000476837158,14,0.0010000000474974513,30,4433084000.0,0.0034053344,10147119.0,0.012829224,844705100000.0,0.0028859254,1271333800.0,0.0031972656,82116420.0,0.011651245,1700298100.0,0.00029992676,45558.96,0.0036011962,82903336.0,0.048105102,1921208.8,0.006335083,156888990000.0,0.005694397,16785480.0,0.005099365,162883.16,0.06717474,443.3083,1.0146118,84470.516,127.133286,8.211542,170.02972,0.004455896,8.290235,0.19202088,15688.898,1.678448,0.016188316,3.4053343e-7,0.0000012829223,2.8859253e-7,3.1972655e-7,0.0000011651244,2.9992677e-8,3.601196e-7,0.0000048105103,6.3350825e-7,5.694397e-7,5.099365e-7,0.0000067174738,8409.94,615137600.0,0.00000141899,544410500.0,23332.605,2.7744079,5886.6807
40.0,50.0,0.5,0.10000000149011612,10.0,1.100000023841858,14,0.0010000000474974513,30,3053584000.0,0.00283844,6735670.0,0.01174176,490785280000.0,0.0024053345,832730200.0,0.0050463257,40699264.0,0.010408325,870278400.0,0.00024993895,46483.707,0.003001709,71829330.0,0.036311585,1273630.8,0.0052816775,61965920000.0,0.006044617,7821448.5,0.0042509157,112648.11,0.050019044,305.3583,0.67346704,49078.53,83.27292,4.0698266,87.02774,0.004548371,7.1828327,0.12726308,6196.592,0.7820448,0.011164811,2.83844e-7,0.000001174176,2.4053344e-7,5.0463257e-7,0.0000010408324,2.4993895e-8,3.0017088e-7,0.0000036311585,5.2816773e-7,6.0446166e-7,4.2509157e-7,0.0000050019044,4646.969,203933970.0,0.0000011466639,182339650.0,13503.32,2.9058337,3252.588
40.0,50.0,0.5,0.10000000149011612,9.0,1.100000023841858,14,0.0010000000474974513,30,2981018400.0,0.00283844,6085545.0,0.01174176,479050900000.0,0.0024053345,761350700.0,0.0050463257,40454268.0,0.010408325,873066500.0,0.00024993895,44438.473,0.003001709,70248660.0,0.044995543,1287467.0,0.0052816775,57795604000.0,0.006044617,8829815.0,0.0042509157,103421.4,0.051455934,298.10175,0.6084545,47905.09,76.13497,4.0453267,87.30656,0.0043438477,7.0247655,0.1286467,5779.5605,0.8828815,0.01024214,2.83844e-7,0.000001174176,2.4053344e-7,5.0463257e-7,0.0000010408324,2.4993895e-8,3.0017088e-7,0.000004499554,5.2816773e-7,6.0446166e-7,4.2509157e-7,0.000005145593,4513.2417,194033600.0,0.0000012310043,173664260.0,13178.174,2.919891,3158.977
40.0,50.0,0.5,0.10000000149011612,9.0,1.2000000476837158,14,0.0010000000474974513,30,367154050.0,0.00283844,1991952.6,0.010696899,29919957000.0,0.0024053345,119383180.0,0.0026621094,12382957.0,0.009708985,155631600.0,0.00024993895,23554.229,0.003001709,12403525.0,0.049012147,562049.9,0.0052816775,7009900500.0,0.0047435914,3599335.0,0.0042509157,66547.88,0.057526734,36.715305,0.19909526,2991.9956,11.938218,1.2381958,15.563061,0.002255423,1.2402525,0.05610499,700.99,0.3598335,0.006554789,2.83844e-7,0.0000010696899,2.4053344e-7,2.6621095e-7,9.708984e-7,2.4993895e-8,3.0017088e-7,0.0000049012147,5.2816773e-7,4.7435913e-7,4.2509157e-7,0.000005752673,313.3587,787096.75,0.0000012698207,688903.06,830.00183,2.6487277,219.08621
40.0,50.0,0.5,0.10000000149011612,10.0,1.2000000476837158,14,0.0010000000474974513,30,355475840.0,0.00283844,2221666.8,0.010696899,28952664000.0,0.0024053345,126544110.0,0.0026621094,12790958.0,0.009708985,160534740.0,0.00024993895,24511.79,0.003001709,12947255.0,0.03929907,556102.8,0.0052816775,7109808000.0,0.0047435914,3407781.8,0.0042509157,71141.61,0.056098998,35.547485,0.22206667,2895.2664,12.654311,1.2789959,16.053375,0.0023511788,1.2946255,0.055510283,710.9807,0.3406782,0.0070141605,2.83844e-7,0.0000010696899,2.4053344e-7,2.6621095e-7,9.708984e-7,2.4993895e-8,3.0017088e-7,0.000003929907,5.2816773e-7,4.7435913e-7,4.2509157e-7,0.0000056098997,306.14197,740812.2,0.0000011769806,647089.25,804.4186,2.6275997,214.03662
40.0,50.0,0.6000000238418579,0.10000000149011612,10.0,1.2999999523162842,14,0.0010000000474974513,30,640352800.0,0.018211488,2898268.2,0.010620667,23953068000.0,0.0028859254,138528850.0,0.0013660889,17520770.0,0.009651123,335849250.0,0.0019732055,18850.451,0.0036011962,14243951.0,0.068514645,713327.94,0.004676819,8008152600.0,0.006453186,3452951.5,0.005099365,44534.395,0.07219519,64.03518,0.28972682,2395.3066,13.852786,1.7519771,33.584824,0.0017850451,1.4242952,0.071232796,800.8152,0.34519514,0.0043534394,0.0000018211488,0.0000010620666,2.8859253e-7,1.3660889e-7,9.651122e-7,1.9732055e-7,3.601196e-7,0.000006851464,4.6768187e-7,6.4531855e-7,5.099365e-7,0.0000072195185,275.95694,532018.7,0.0000017104076,455866.44,675.17883,2.4466817,192.92519
40.0,50.0,0.6000000238418579,0.10000000149011612,9.0,1.2999999523162842,14,0.0010000000474974513,30,627048000.0,0.018211488,2495100.2,0.010620667,22634779000.0,0.0028859254,142751250.0,0.0013660889,16602617.0,0.009651123,318017600.0,0.0019732055,17549.416,0.0036011962,13860817.0,0.08020648,716217.7,0.004676819,8130328000.0,0.006453186,3380398.8,0.005099365,44365.938,0.07480579,62.704697,0.24941003,2263.478,14.275024,1.6601617,31.801662,0.0016549417,1.3859817,0.07152177,813.0327,0.3379399,0.0043365937,0.0000018211488,0.0000010620666,2.8859253e-7,1.3660889e-7,9.651122e-7,1.9732055e-7,3.601196e-7,0.000008020648,4.6768187e-7,6.4531855e-7,5.099365e-7,0.0000074805785,265.75027,482458.9,0.0000018295945,411835.7,641.74426,2.4148395,185.7837
40.0,50.0,0.5,0.10000000149011612,10.0,1.2999999523162842,14,0.0010000000474974513,30,70671350.0,0.01519043,780336.56,0.00884967,1472462500.0,0.0024053345,19853128.0,0.0011356202,3519641.8,0.008039367,41468156.0,0.0016445313,11734.071,0.003001709,2974012.2,0.056574464,243183.25,0.0038986206,592095040.0,0.0053778687,909360.0,0.0042509157,24083.959,0.060356505,7.067035,0.07793366,147.24614,1.9852128,0.3518642,4.1467156,0.0010734071,0.29730123,0.024218325,59.209404,0.090836,0.002308396,0.0000015190429,8.84967e-7,2.4053344e-7,1.1356202e-7,8.039367e-7,1.6445313e-7,3.0017088e-7,0.0000056574463,3.8986204e-7,5.3778683e-7,4.2509157e-7,0.0000060356506,18.375002,2104.8738,0.0000014227086,1767.2332,42.03847,2.2878077,12.63372
40.0,50.0,0.5,0.10000000149011612,9.0,1.2999999523162842,14,0.0010000000474974513,30,69404216.0,0.01519043,688378.94,0.00884967,1402630000.0,0.0024053345,20346664.0,0.0011356202,3364274.5,0.008039367,39595060.0,0.0016445313,11051.933,0.003001709,2905671.5,0.0664544,243942.3,0.0038986206,599206850.0,0.0053778687,893139.25,0.0042509157,24004.72,0.06256341,6.940322,0.068737894,140.26291,2.0345664,0.33632746,3.9594061,0.0010051933,0.29046714,0.02429423,59.920586,0.08921392,0.0023004722,0.0000015190429,8.84967e-7,2.4053344e-7,1.1356202e-7,8.039367e-7,1.6445313e-7,3.0017088e-7,0.00000664544,3.8986204e-7,5.3778683e-7,4.2509157e-7,0.000006256341,17.827513,1944.3629,0.0000015234323,1626.5427,40.330418,2.262257,12.253033
